,time,red,blue,green,clear
0,0.011882781982421875,24.0,206.0,591.0,810.0
1,0.08548283576965332,24.0,206.0,591.0,810.0
2,0.10352468490600586,24.0,206.0,591.0,810.0
3,0.11861681938171387,24.0,206.0,591.0,810.0
4,0.13454961776733398,24.0,206.0,591.0,810.0
5,0.15059876441955566,2963.0,2326.0,1779.0,7214.0
6,0.1665177345275879,2963.0,2326.0,1779.0,7214.0
7,0.1825406551361084,2963.0,2326.0,1779.0,7214.0
8,0.19851064682006836,2963.0,2326.0,1779.0,7214.0
9,0.2144918441772461,2963.0,2326.0,1779.0,7214.0
10,0.2305147647857666,2963.0,2326.0,1779.0,7214.0
11,0.24564075469970703,2963.0,2326.0,1779.0,7214.0
12,0.2635645866394043,2963.0,2326.0,1779.0,7214.0
13,0.2785227298736572,2963.0,2326.0,1779.0,7214.0
14,0.29753589630126953,2963.0,2326.0,1779.0,7214.0
15,0.3115267753601074,3093.0,2427.0,1856.0,7529.0
16,0.3275625705718994,3093.0,2427.0,1856.0,7529.0
17,0.3426086902618408,3093.0,2427.0,1856.0,7529.0
18,0.36057281494140625,3093.0,2427.0,1856.0,7529.0
19,0.3756868839263916,3093.0,2427.0,1856.0,7529.0
20,0.39264369010925293,3093.0,2427.0,1856.0,7529.0
21,0.4095156192779541,3093.0,2427.0,1856.0,7529.0
22,0.425555944442749,3093.0,2427.0,1856.0,7529.0
23,0.4398787021636963,3093.0,2427.0,1856.0,7529.0
24,0.4595305919647217,3092.0,2425.0,1848.0,7517.0
25,0.4745469093322754,3092.0,2425.0,1848.0,7517.0
26,0.49167680740356445,3092.0,2425.0,1848.0,7517.0
27,0.5086827278137207,3092.0,2425.0,1848.0,7517.0
28,0.5256478786468506,3092.0,2425.0,1848.0,7517.0
29,0.5407249927520752,3092.0,2425.0,1848.0,7517.0
30,0.5586647987365723,3092.0,2425.0,1848.0,7517.0
31,0.5738658905029297,3092.0,2425.0,1848.0,7517.0
32,0.5915839672088623,3092.0,2425.0,1848.0,7517.0
33,0.60581374168396,3092.0,2425.0,1848.0,7517.0
34,0.6256387233734131,3091.0,2427.0,1856.0,7527.0
35,0.6407296657562256,3091.0,2427.0,1856.0,7527.0
36,0.6574678421020508,3091.0,2427.0,1856.0,7527.0
37,0.6725015640258789,3091.0,2427.0,1856.0,7527.0
38,0.6884276866912842,3091.0,2427.0,1856.0,7527.0
39,0.7024948596954346,3091.0,2427.0,1856.0,7527.0
40,0.7207167148590088,3091.0,2427.0,1856.0,7527.0
41,0.7357428073883057,3091.0,2427.0,1856.0,7527.0
42,0.7546548843383789,3091.0,2427.0,1856.0,7527.0
43,0.7688336372375488,3091.0,2425.0,1848.0,7516.0
44,0.7868258953094482,3091.0,2425.0,1848.0,7516.0
45,0.80153489112854,3091.0,2425.0,1848.0,7516.0
46,0.8187978267669678,3091.0,2425.0,1848.0,7516.0
47,0.8358747959136963,3091.0,2425.0,1848.0,7516.0
48,0.8549008369445801,3091.0,2425.0,1848.0,7516.0
49,0.8730118274688721,3091.0,2425.0,1848.0,7516.0
50,0.892603874206543,3091.0,2425.0,1848.0,7516.0
51,0.9079046249389648,3091.0,2425.0,1848.0,7516.0
52,0.9266560077667236,3091.0,2427.0,1856.0,7526.0
53,0.9415507316589355,3091.0,2427.0,1856.0,7526.0
54,0.9595656394958496,3091.0,2427.0,1856.0,7526.0
55,0.9746718406677246,3091.0,2427.0,1856.0,7526.0
56,0.992689847946167,3091.0,2427.0,1856.0,7526.0
57,1.0077197551727295,3091.0,2427.0,1856.0,7526.0
58,1.0255348682403564,3091.0,2427.0,1856.0,7526.0
59,1.0415277481079102,3091.0,2427.0,1856.0,7526.0
60,1.05757474899292,3091.0,2427.0,1856.0,7526.0
61,1.071537733078003,3090.0,2427.0,1856.0,7526.0
62,1.0875415802001953,3090.0,2427.0,1856.0,7526.0
63,1.1015737056732178,3090.0,2427.0,1856.0,7526.0
64,1.1696326732635498,3090.0,2427.0,1856.0,7526.0
65,1.2075636386871338,3090.0,2427.0,1856.0,7526.0
66,1.225752830505371,3090.0,2425.0,1848.0,7516.0
67,1.241736888885498,3090.0,2425.0,1848.0,7516.0
68,1.2595417499542236,3090.0,2425.0,1848.0,7516.0
69,1.2739417552947998,3090.0,2425.0,1848.0,7516.0
70,1.2926957607269287,3090.0,2425.0,1848.0,7516.0
71,1.3095738887786865,3090.0,2425.0,1848.0,7516.0
72,1.3274896144866943,3090.0,2425.0,1848.0,7516.0
73,1.3417177200317383,3090.0,2425.0,1848.0,7516.0
74,1.359635829925537,3090.0,2425.0,1848.0,7516.0
75,1.3757009506225586,3090.0,2427.0,1856.0,7526.0
76,1.3927695751190186,3090.0,2427.0,1856.0,7526.0
77,1.4095988273620605,3090.0,2427.0,1856.0,7526.0
78,1.4269518852233887,3090.0,2427.0,1856.0,7526.0
79,1.442633867263794,3090.0,2427.0,1856.0,7526.0
80,1.46067476272583,3090.0,2427.0,1856.0,7526.0
81,1.4777085781097412,3090.0,2427.0,1856.0,7526.0
82,1.4966328144073486,3090.0,2427.0,1856.0,7526.0
83,1.5129437446594238,3090.0,2427.0,1856.0,7526.0
84,1.5325608253479004,3091.0,2427.0,1856.0,7527.0
85,1.5489997863769531,3091.0,2427.0,1856.0,7527.0
86,1.567931890487671,3091.0,2427.0,1856.0,7527.0
87,1.5837266445159912,3091.0,2427.0,1856.0,7527.0
88,1.6005775928497314,3091.0,2427.0,1856.0,7527.0
89,1.6155846118927002,3091.0,2427.0,1856.0,7527.0
90,1.6335396766662598,3091.0,2427.0,1856.0,7527.0
91,1.6486268043518066,3091.0,2427.0,1856.0,7527.0
92,1.6655678749084473,3091.0,2427.0,1856.0,7527.0
93,1.6795525550842285,3091.0,2427.0,1856.0,7527.0
94,1.698652744293213,3090.0,2425.0,1849.0,7519.0
95,1.712653636932373,3090.0,2425.0,1849.0,7519.0
96,1.7328166961669922,3090.0,2425.0,1849.0,7519.0
97,1.7486536502838135,3090.0,2425.0,1849.0,7519.0
98,1.7659666538238525,3090.0,2425.0,1849.0,7519.0
99,1.780728816986084,3090.0,2425.0,1849.0,7519.0
100,1.7999348640441895,3090.0,2425.0,1849.0,7519.0
101,1.8160216808319092,3090.0,2425.0,1849.0,7519.0
102,1.8336865901947021,3090.0,2425.0,1849.0,7519.0
103,1.850841760635376,3091.0,2427.0,1856.0,7528.0
104,1.873140811920166,3091.0,2427.0,1856.0,7528.0
105,1.8907368183135986,3091.0,2427.0,1856.0,7528.0
106,1.9087347984313965,3091.0,2427.0,1856.0,7528.0
107,1.9240896701812744,3091.0,2427.0,1856.0,7528.0
108,1.944652795791626,3091.0,2427.0,1856.0,7528.0
109,1.9596889019012451,3091.0,2427.0,1856.0,7528.0
110,1.9766876697540283,3091.0,2427.0,1856.0,7528.0
111,1.9927549362182617,3091.0,2425.0,1849.0,7518.0
112,2.0106537342071533,3091.0,2425.0,1849.0,7518.0
113,2.0267398357391357,3091.0,2425.0,1849.0,7518.0
114,2.0446507930755615,3091.0,2425.0,1849.0,7518.0
115,2.059692621231079,3091.0,2425.0,1849.0,7518.0
116,2.0787038803100586,3091.0,2425.0,1849.0,7518.0
117,2.093829870223999,3091.0,2425.0,1849.0,7518.0
118,2.110644817352295,3091.0,2425.0,1849.0,7518.0
119,2.1257407665252686,3091.0,2425.0,1849.0,7518.0
120,2.1436657905578613,3092.0,2428.0,1856.0,7528.0
121,2.1587016582489014,3092.0,2428.0,1856.0,7528.0
122,2.175680637359619,3092.0,2428.0,1856.0,7528.0
123,2.19278883934021,3092.0,2428.0,1856.0,7528.0
124,2.211730718612671,3092.0,2428.0,1856.0,7528.0
125,2.2276787757873535,3092.0,2428.0,1856.0,7528.0
126,2.2448477745056152,3092.0,2428.0,1856.0,7528.0
127,2.260758638381958,3092.0,2428.0,1856.0,7528.0
128,2.2778327465057373,3092.0,2428.0,1856.0,7528.0
129,2.2947115898132324,3092.0,2428.0,1856.0,7528.0
130,2.3146276473999023,3091.0,2426.0,1852.0,7523.0
131,2.331617593765259,3091.0,2426.0,1852.0,7523.0
132,2.348658800125122,3091.0,2426.0,1852.0,7523.0
133,2.3656227588653564,3091.0,2426.0,1852.0,7523.0
134,2.3817238807678223,3091.0,2426.0,1852.0,7523.0
135,2.3977017402648926,3091.0,2426.0,1852.0,7523.0
136,2.4165897369384766,3091.0,2426.0,1852.0,7523.0
137,2.4344048500061035,3091.0,2426.0,1852.0,7523.0
138,2.452683687210083,3091.0,2427.0,1854.0,7523.0
139,2.466688632965088,3091.0,2427.0,1854.0,7523.0
140,2.484625816345215,3091.0,2427.0,1854.0,7523.0
141,2.4997057914733887,3091.0,2427.0,1854.0,7523.0
142,2.5166258811950684,3091.0,2427.0,1854.0,7523.0
143,2.532622814178467,3091.0,2427.0,1854.0,7523.0
144,2.5507078170776367,3091.0,2427.0,1854.0,7523.0
145,2.5666706562042236,3091.0,2427.0,1854.0,7523.0
146,2.5917177200317383,3091.0,2427.0,1854.0,7523.0
147,2.608691930770874,3092.0,2427.0,1857.0,7528.0
148,2.626798629760742,3092.0,2427.0,1857.0,7528.0
149,2.6437346935272217,3092.0,2427.0,1857.0,7528.0
150,2.6636857986450195,3092.0,2427.0,1857.0,7528.0
151,2.6797046661376953,3092.0,2427.0,1857.0,7528.0
152,2.699643850326538,3092.0,2427.0,1857.0,7528.0
153,2.7146155834198,3092.0,2427.0,1857.0,7528.0
154,2.7316737174987793,3092.0,2427.0,1857.0,7528.0
155,2.7476558685302734,3092.0,2427.0,1857.0,7528.0
156,2.764638900756836,3091.0,2425.0,1849.0,7517.0
157,2.779805898666382,3091.0,2425.0,1849.0,7517.0
158,2.797823905944824,3091.0,2425.0,1849.0,7517.0
159,2.8139488697052,3091.0,2425.0,1849.0,7517.0
160,2.831904649734497,3091.0,2425.0,1849.0,7517.0
161,2.8488337993621826,3091.0,2425.0,1849.0,7517.0
162,2.865708589553833,3091.0,2425.0,1849.0,7517.0
163,2.8816866874694824,3091.0,2425.0,1849.0,7517.0
164,2.8987207412719727,3091.0,2425.0,1849.0,7517.0
165,2.915679931640625,3091.0,2427.0,1857.0,7527.0
166,2.933718681335449,3091.0,2427.0,1857.0,7527.0
167,2.948727607727051,3091.0,2427.0,1857.0,7527.0
168,2.965709686279297,3091.0,2427.0,1857.0,7527.0
169,2.9817919731140137,3091.0,2427.0,1857.0,7527.0
170,3.000687837600708,3091.0,2427.0,1857.0,7527.0
171,3.015695810317993,3091.0,2427.0,1857.0,7527.0
172,3.0336647033691406,3091.0,2427.0,1857.0,7527.0
173,3.0488507747650146,3091.0,2427.0,1857.0,7527.0
174,3.066741704940796,3091.0,2425.0,1850.0,7518.0
175,3.0817646980285645,3091.0,2425.0,1850.0,7518.0
176,3.0997397899627686,3091.0,2425.0,1850.0,7518.0
177,3.1156857013702393,3091.0,2425.0,1850.0,7518.0
178,3.1326515674591064,3091.0,2425.0,1850.0,7518.0
179,3.1487107276916504,3091.0,2425.0,1850.0,7518.0
180,3.1656246185302734,3091.0,2425.0,1850.0,7518.0
181,3.1826348304748535,3091.0,2425.0,1850.0,7518.0
182,3.1986727714538574,3091.0,2425.0,1850.0,7518.0
183,3.2156667709350586,3091.0,2425.0,1850.0,7518.0
184,3.232769727706909,3091.0,2427.0,1856.0,7526.0
185,3.2487287521362305,3091.0,2427.0,1856.0,7526.0
186,3.267645835876465,3091.0,2427.0,1856.0,7526.0
187,3.2816336154937744,3091.0,2427.0,1856.0,7526.0
188,3.298987627029419,3091.0,2427.0,1856.0,7526.0
189,3.3156867027282715,3091.0,2427.0,1856.0,7526.0
190,3.332801580429077,3091.0,2427.0,1856.0,7526.0
191,3.3486387729644775,3091.0,2427.0,1856.0,7526.0
192,3.386868953704834,3091.0,2428.0,1857.0,7528.0
193,3.4047396183013916,3091.0,2428.0,1857.0,7528.0
194,3.423182725906372,3091.0,2428.0,1857.0,7528.0
195,3.439844846725464,3091.0,2428.0,1857.0,7528.0
196,3.4597837924957275,3091.0,2428.0,1857.0,7528.0
197,3.4759857654571533,3091.0,2428.0,1857.0,7528.0
198,3.4947917461395264,3091.0,2428.0,1857.0,7528.0
199,3.5120928287506104,3091.0,2428.0,1857.0,7528.0
200,3.532925844192505,3091.0,2425.0,1849.0,7518.0
201,3.5510928630828857,3091.0,2425.0,1849.0,7518.0
202,3.5703039169311523,3091.0,2425.0,1849.0,7518.0
203,3.5881059169769287,3091.0,2425.0,1849.0,7518.0
204,3.608928680419922,3091.0,2425.0,1849.0,7518.0
205,3.6259589195251465,3091.0,2425.0,1849.0,7518.0
206,3.6458117961883545,3091.0,2425.0,1849.0,7518.0
207,3.6628167629241943,3091.0,2425.0,1849.0,7518.0
208,3.682100772857666,3092.0,2427.0,1857.0,7528.0
209,3.6998226642608643,3092.0,2427.0,1857.0,7528.0
210,3.719796895980835,3092.0,2427.0,1857.0,7528.0
211,3.735846757888794,3092.0,2427.0,1857.0,7528.0
212,3.754727840423584,3092.0,2427.0,1857.0,7528.0
213,3.769699811935425,3092.0,2427.0,1857.0,7528.0
214,3.7867448329925537,3092.0,2427.0,1857.0,7528.0
215,3.8027756214141846,3092.0,2427.0,1857.0,7528.0
216,3.8231327533721924,3092.0,2427.0,1857.0,7528.0
217,3.8388595581054688,3091.0,2427.0,1857.0,7528.0
218,3.8568167686462402,3091.0,2427.0,1857.0,7528.0
219,3.8719496726989746,3091.0,2427.0,1857.0,7528.0
220,3.891850709915161,3091.0,2427.0,1857.0,7528.0
221,3.9079296588897705,3091.0,2427.0,1857.0,7528.0
222,3.9258577823638916,3091.0,2427.0,1857.0,7528.0
223,3.9419057369232178,3091.0,2427.0,1857.0,7528.0
224,3.959880828857422,3091.0,2427.0,1857.0,7528.0
225,3.97578763961792,3091.0,2427.0,1857.0,7528.0
226,3.993903875350952,3091.0,2425.0,1849.0,7519.0
227,4.00991678237915,3091.0,2425.0,1849.0,7519.0
228,4.0311596393585205,3091.0,2425.0,1849.0,7519.0
229,4.049166679382324,3091.0,2425.0,1849.0,7519.0
230,4.068093776702881,3091.0,2425.0,1849.0,7519.0
231,4.088332653045654,3091.0,2425.0,1849.0,7519.0
232,4.11019492149353,3091.0,2425.0,1849.0,7519.0
233,4.126905679702759,3091.0,2425.0,1849.0,7519.0
234,4.146204710006714,3091.0,2428.0,1857.0,7528.0
235,4.163030624389648,3091.0,2428.0,1857.0,7528.0
236,4.1821136474609375,3091.0,2428.0,1857.0,7528.0
237,4.198824882507324,3091.0,2428.0,1857.0,7528.0
238,4.218731641769409,3091.0,2428.0,1857.0,7528.0
239,4.233980894088745,3091.0,2428.0,1857.0,7528.0
240,4.253333568572998,3091.0,2428.0,1857.0,7528.0
241,4.270029783248901,3091.0,2428.0,1857.0,7528.0
242,4.289123773574829,3091.0,2428.0,1857.0,7528.0
243,4.307204723358154,3091.0,2425.0,1850.0,7519.0
244,4.326837539672852,3091.0,2425.0,1850.0,7519.0
245,4.343170642852783,3091.0,2425.0,1850.0,7519.0
246,4.363903999328613,3091.0,2425.0,1850.0,7519.0
247,4.379808664321899,3091.0,2425.0,1850.0,7519.0
248,4.400758743286133,3091.0,2425.0,1850.0,7519.0
249,4.417166709899902,3091.0,2425.0,1850.0,7519.0
250,4.436174631118774,3091.0,2425.0,1850.0,7519.0
251,4.455171823501587,3091.0,2427.0,1857.0,7527.0
252,4.474995851516724,3091.0,2427.0,1857.0,7527.0
253,4.492987871170044,3091.0,2427.0,1857.0,7527.0
254,4.513102769851685,3091.0,2427.0,1857.0,7527.0
255,4.529141664505005,3091.0,2427.0,1857.0,7527.0
256,4.548081874847412,3091.0,2427.0,1857.0,7527.0
257,4.563947677612305,3091.0,2427.0,1857.0,7527.0
258,4.583181619644165,3091.0,2427.0,1857.0,7527.0
259,4.599932909011841,3091.0,2428.0,1857.0,7528.0
260,4.618213891983032,3091.0,2428.0,1857.0,7528.0
261,4.637196779251099,3091.0,2428.0,1857.0,7528.0
262,4.6575517654418945,3091.0,2428.0,1857.0,7528.0
263,4.675017833709717,3091.0,2428.0,1857.0,7528.0
264,4.69588565826416,3091.0,2428.0,1857.0,7528.0
265,4.712960720062256,3091.0,2428.0,1857.0,7528.0
266,4.733107805252075,3091.0,2428.0,1857.0,7528.0
267,4.749229669570923,3091.0,2428.0,1857.0,7528.0
268,4.7712178230285645,3091.0,2425.0,1849.0,7518.0
269,4.79103684425354,3091.0,2425.0,1849.0,7518.0
270,4.809891700744629,3091.0,2425.0,1849.0,7518.0
271,4.827996730804443,3091.0,2425.0,1849.0,7518.0
272,4.845963716506958,3091.0,2425.0,1849.0,7518.0
273,4.861972808837891,3091.0,2425.0,1849.0,7518.0
274,4.882216930389404,3091.0,2425.0,1849.0,7518.0
275,4.900042533874512,3091.0,2425.0,1849.0,7518.0
276,4.921170949935913,3091.0,2428.0,1857.0,7528.0
277,4.938412666320801,3091.0,2428.0,1857.0,7528.0
278,4.958026647567749,3091.0,2428.0,1857.0,7528.0
279,4.975038766860962,3091.0,2428.0,1857.0,7528.0
280,4.995225667953491,3091.0,2428.0,1857.0,7528.0
281,5.012888669967651,3091.0,2428.0,1857.0,7528.0
282,5.034099817276001,3091.0,2428.0,1857.0,7528.0
283,5.051191806793213,3091.0,2428.0,1857.0,7528.0
284,5.071187973022461,3092.0,2428.0,1857.0,7529.0
285,5.088315725326538,3092.0,2428.0,1857.0,7529.0
286,5.109060764312744,3092.0,2428.0,1857.0,7529.0
287,5.12599778175354,3092.0,2428.0,1857.0,7529.0
288,5.147050857543945,3092.0,2428.0,1857.0,7529.0
289,5.165352821350098,3092.0,2428.0,1857.0,7529.0
290,5.185398578643799,3092.0,2428.0,1857.0,7529.0
291,5.2022106647491455,3092.0,2428.0,1857.0,7529.0
292,5.221164703369141,3092.0,2425.0,1850.0,7518.0
293,5.237094879150391,3092.0,2425.0,1850.0,7518.0
294,5.257372856140137,3092.0,2425.0,1850.0,7518.0
295,5.276081800460815,3092.0,2425.0,1850.0,7518.0
296,5.296294689178467,3092.0,2425.0,1850.0,7518.0
297,5.312935829162598,3092.0,2425.0,1850.0,7518.0
298,5.333066701889038,3092.0,2425.0,1850.0,7518.0
299,5.349166631698608,3092.0,2425.0,1850.0,7518.0
300,5.370267868041992,3092.0,2427.0,1857.0,7530.0
301,5.38926887512207,3092.0,2427.0,1857.0,7530.0
302,5.409104824066162,3092.0,2427.0,1857.0,7530.0
303,5.426304578781128,3092.0,2427.0,1857.0,7530.0
304,5.445912837982178,3092.0,2427.0,1857.0,7530.0
305,5.462118864059448,3092.0,2427.0,1857.0,7530.0
306,5.482149839401245,3092.0,2427.0,1857.0,7530.0
307,5.49836277961731,3092.0,2427.0,1857.0,7530.0
308,5.519329786300659,3092.0,2427.0,1857.0,7530.0
309,5.536297798156738,3091.0,2425.0,1849.0,7518.0
310,5.554173946380615,3091.0,2425.0,1849.0,7518.0
311,5.570302963256836,3091.0,2425.0,1849.0,7518.0
312,5.589481830596924,3091.0,2425.0,1849.0,7518.0
313,5.609153747558594,3091.0,2425.0,1849.0,7518.0
314,5.6280927658081055,3091.0,2425.0,1849.0,7518.0
315,5.643957614898682,3091.0,2425.0,1849.0,7518.0
316,5.663262844085693,3091.0,2425.0,1849.0,7518.0
317,5.679219961166382,3092.0,2427.0,1857.0,7529.0
318,5.6992528438568115,3092.0,2427.0,1857.0,7529.0
319,5.717028856277466,3092.0,2427.0,1857.0,7529.0
320,5.738321781158447,3092.0,2427.0,1857.0,7529.0
321,5.757808685302734,3092.0,2427.0,1857.0,7529.0
322,5.77804970741272,3092.0,2427.0,1857.0,7529.0
323,5.793998718261719,3092.0,2427.0,1857.0,7529.0
324,5.813208818435669,3092.0,2427.0,1857.0,7529.0
325,5.832010746002197,3091.0,2427.0,1857.0,7528.0
326,5.850136756896973,3091.0,2427.0,1857.0,7528.0
327,5.867907762527466,3091.0,2427.0,1857.0,7528.0
328,5.884967803955078,3091.0,2427.0,1857.0,7528.0
329,5.90100884437561,3091.0,2427.0,1857.0,7528.0
330,5.920288562774658,3091.0,2427.0,1857.0,7528.0
331,5.936355829238892,3091.0,2427.0,1857.0,7528.0
332,5.958193778991699,3091.0,2427.0,1857.0,7528.0
333,5.975304841995239,3091.0,2427.0,1857.0,7528.0
334,5.994080543518066,3091.0,2425.0,1849.0,7518.0
335,6.011016845703125,3091.0,2425.0,1849.0,7518.0
336,6.029011964797974,3091.0,2425.0,1849.0,7518.0
337,6.046087741851807,3091.0,2425.0,1849.0,7518.0
338,6.066457748413086,3091.0,2425.0,1849.0,7518.0
339,6.086367845535278,3091.0,2425.0,1849.0,7518.0
340,6.108313798904419,3091.0,2425.0,1849.0,7518.0
341,6.13822078704834,3092.0,2427.0,1857.0,7529.0
342,6.1602137088775635,3092.0,2427.0,1857.0,7529.0
343,6.177184581756592,3092.0,2427.0,1857.0,7529.0
344,6.197132587432861,3092.0,2427.0,1857.0,7529.0
345,6.213198661804199,3092.0,2427.0,1857.0,7529.0
346,6.232088804244995,3092.0,2427.0,1857.0,7529.0
347,6.249383926391602,3092.0,2427.0,1857.0,7529.0
348,6.268523693084717,3092.0,2427.0,1857.0,7529.0
349,6.28537392616272,3092.0,2427.0,1857.0,7529.0
350,6.305098533630371,3092.0,2427.0,1857.0,7529.0
351,6.322412729263306,3092.0,2427.0,1857.0,7529.0
352,6.343105792999268,3092.0,2427.0,1857.0,7529.0
353,6.361448764801025,3092.0,2427.0,1857.0,7529.0
354,6.383387804031372,3092.0,2427.0,1857.0,7529.0
355,6.402419805526733,3092.0,2427.0,1857.0,7529.0
356,6.4252049922943115,3092.0,2427.0,1857.0,7529.0
357,6.442063808441162,3091.0,2425.0,1850.0,7518.0
358,6.460592746734619,3091.0,2425.0,1850.0,7518.0
359,6.479236841201782,3091.0,2425.0,1850.0,7518.0
360,6.499398708343506,3091.0,2425.0,1850.0,7518.0
361,6.518659830093384,3091.0,2425.0,1850.0,7518.0
362,6.540411710739136,3091.0,2425.0,1850.0,7518.0
363,6.559170722961426,3091.0,2425.0,1850.0,7518.0
364,6.579212665557861,3091.0,2425.0,1850.0,7518.0
365,6.595297574996948,3091.0,2427.0,1857.0,7528.0
366,6.616617918014526,3091.0,2427.0,1857.0,7528.0
367,6.635370969772339,3091.0,2427.0,1857.0,7528.0
368,6.654111862182617,3091.0,2427.0,1857.0,7528.0
369,6.67107892036438,3091.0,2427.0,1857.0,7528.0
370,6.690041780471802,3091.0,2427.0,1857.0,7528.0
371,6.708463668823242,3091.0,2427.0,1857.0,7528.0
372,6.72905969619751,3091.0,2427.0,1857.0,7528.0
373,6.7461347579956055,3091.0,2427.0,1857.0,7528.0
374,6.766267776489258,3091.0,2426.0,1853.0,7523.0
375,6.782243728637695,3091.0,2426.0,1853.0,7523.0
376,6.802235841751099,3091.0,2426.0,1853.0,7523.0
377,6.8224036693573,3091.0,2426.0,1853.0,7523.0
378,6.843205690383911,3091.0,2426.0,1853.0,7523.0
379,6.85932183265686,3091.0,2426.0,1853.0,7523.0
380,6.880244970321655,3091.0,2426.0,1853.0,7523.0
381,6.898549556732178,3091.0,2426.0,1853.0,7523.0
382,6.917346715927124,3091.0,2426.0,1854.0,7523.0
383,6.934128761291504,3091.0,2426.0,1854.0,7523.0
384,6.954140901565552,3091.0,2426.0,1854.0,7523.0
385,6.970441818237305,3091.0,2426.0,1854.0,7523.0
386,6.990458726882935,3091.0,2426.0,1854.0,7523.0
387,7.009464740753174,3091.0,2426.0,1854.0,7523.0
388,7.031155824661255,3091.0,2426.0,1854.0,7523.0
389,7.049287796020508,3091.0,2426.0,1854.0,7523.0
390,7.069166660308838,3091.0,2428.0,1857.0,7529.0
391,7.088425874710083,3091.0,2428.0,1857.0,7529.0
392,7.109419584274292,3091.0,2428.0,1857.0,7529.0
393,7.1262047290802,3091.0,2428.0,1857.0,7529.0
394,7.146285772323608,3091.0,2428.0,1857.0,7529.0
395,7.165369749069214,3091.0,2428.0,1857.0,7529.0
396,7.1854248046875,3091.0,2428.0,1857.0,7529.0
397,7.202298879623413,3091.0,2428.0,1857.0,7529.0
398,7.221331834793091,3091.0,2425.0,1849.0,7519.0
399,7.238301753997803,3091.0,2425.0,1849.0,7519.0
400,7.258349657058716,3091.0,2425.0,1849.0,7519.0
401,7.2754127979278564,3091.0,2425.0,1849.0,7519.0
402,7.295255661010742,3091.0,2425.0,1849.0,7519.0
403,7.314368009567261,3091.0,2425.0,1849.0,7519.0
404,7.334406852722168,3091.0,2425.0,1849.0,7519.0
405,7.3511857986450195,3091.0,2425.0,1849.0,7519.0
406,7.370325565338135,3092.0,2427.0,1858.0,7530.0
407,7.388502597808838,3092.0,2427.0,1858.0,7530.0
408,7.4092817306518555,3092.0,2427.0,1858.0,7530.0
409,7.426177740097046,3092.0,2427.0,1858.0,7530.0
410,7.447187900543213,3092.0,2427.0,1858.0,7530.0
411,7.464373588562012,3092.0,2427.0,1858.0,7530.0
412,7.484392881393433,3092.0,2427.0,1858.0,7530.0
413,7.503516912460327,3092.0,2427.0,1858.0,7530.0
414,7.523421764373779,3092.0,2428.0,1857.0,7530.0
415,7.5425028800964355,3092.0,2428.0,1857.0,7530.0
416,7.563102960586548,3092.0,2428.0,1857.0,7530.0
417,7.580277681350708,3092.0,2428.0,1857.0,7530.0
418,7.600144863128662,3092.0,2428.0,1857.0,7530.0
419,7.618064880371094,3092.0,2428.0,1857.0,7530.0
420,7.636338949203491,3092.0,2428.0,1857.0,7530.0
421,7.653436899185181,3092.0,2428.0,1857.0,7530.0
422,7.671653747558594,3091.0,2425.0,1850.0,7518.0
423,7.692346811294556,3091.0,2425.0,1850.0,7518.0
424,7.713537693023682,3091.0,2425.0,1850.0,7518.0
425,7.7321295738220215,3091.0,2425.0,1850.0,7518.0
426,7.751339673995972,3091.0,2425.0,1850.0,7518.0
427,7.769535779953003,3091.0,2425.0,1850.0,7518.0
428,7.79045295715332,3091.0,2425.0,1850.0,7518.0
429,7.810409784317017,3091.0,2425.0,1850.0,7518.0
430,7.8303868770599365,3091.0,2427.0,1857.0,7528.0
431,7.851439714431763,3091.0,2427.0,1857.0,7528.0
432,7.871471881866455,3091.0,2427.0,1857.0,7528.0
433,7.889447927474976,3091.0,2427.0,1857.0,7528.0
434,7.909453630447388,3091.0,2427.0,1857.0,7528.0
435,7.92924690246582,3091.0,2427.0,1857.0,7528.0
436,7.950113773345947,3091.0,2427.0,1857.0,7528.0
437,7.969154596328735,3091.0,2427.0,1857.0,7528.0
438,7.989153623580933,3091.0,2428.0,1857.0,7529.0
439,8.00723671913147,3091.0,2428.0,1857.0,7529.0
440,8.0272958278656,3091.0,2428.0,1857.0,7529.0
441,8.046245813369751,3091.0,2428.0,1857.0,7529.0
442,8.06722092628479,3091.0,2428.0,1857.0,7529.0
443,8.08655571937561,3091.0,2428.0,1857.0,7529.0
444,8.107410907745361,3091.0,2428.0,1857.0,7529.0
445,8.126544713973999,3091.0,2428.0,1857.0,7529.0
446,8.148193597793579,3091.0,2425.0,1850.0,7518.0
447,8.164293766021729,3091.0,2425.0,1850.0,7518.0
448,8.183198928833008,3091.0,2425.0,1850.0,7518.0
449,8.201265811920166,3091.0,2425.0,1850.0,7518.0
450,8.224418640136719,3091.0,2425.0,1850.0,7518.0
451,8.242321729660034,3091.0,2425.0,1850.0,7518.0
452,8.26311469078064,3091.0,2425.0,1850.0,7518.0
453,8.280260801315308,3091.0,2425.0,1850.0,7518.0
454,8.300176858901978,3091.0,2428.0,1857.0,7529.0
455,8.318153858184814,3091.0,2428.0,1857.0,7529.0
456,8.336123704910278,3091.0,2428.0,1857.0,7529.0
457,8.352131843566895,3091.0,2428.0,1857.0,7529.0
458,8.372106552124023,3091.0,2428.0,1857.0,7529.0
459,8.388137817382812,3091.0,2428.0,1857.0,7529.0
460,8.408172607421875,3091.0,2428.0,1857.0,7529.0
461,8.425201892852783,3091.0,2428.0,1857.0,7529.0
462,8.444133758544922,3092.0,2426.0,1851.0,7521.0
463,8.462112665176392,3092.0,2426.0,1851.0,7521.0
464,8.482119798660278,3092.0,2426.0,1851.0,7521.0
465,8.500095844268799,3092.0,2426.0,1851.0,7521.0
466,8.520196676254272,3092.0,2426.0,1851.0,7521.0
467,8.538464546203613,3092.0,2426.0,1851.0,7521.0
468,8.558350801467896,3092.0,2426.0,1851.0,7521.0
469,8.575392723083496,3092.0,2426.0,1851.0,7521.0
470,8.596221923828125,3092.0,2428.0,1857.0,7529.0
471,8.613288879394531,3092.0,2428.0,1857.0,7529.0
472,8.633198738098145,3092.0,2428.0,1857.0,7529.0
473,8.65121579170227,3092.0,2428.0,1857.0,7529.0
474,8.67227578163147,3092.0,2428.0,1857.0,7529.0
475,8.690272569656372,3092.0,2428.0,1857.0,7529.0
476,8.71030569076538,3092.0,2428.0,1857.0,7529.0
477,8.727275609970093,3092.0,2428.0,1857.0,7529.0
478,8.749160766601562,3092.0,2428.0,1858.0,7530.0
479,8.767169713973999,3092.0,2428.0,1858.0,7530.0
480,8.786419868469238,3092.0,2428.0,1858.0,7530.0
481,8.80532193183899,3092.0,2428.0,1858.0,7530.0
482,8.825319766998291,3092.0,2428.0,1858.0,7530.0
483,8.84425973892212,3092.0,2428.0,1858.0,7530.0
484,8.864255905151367,3092.0,2428.0,1858.0,7530.0
485,8.882585763931274,3092.0,2428.0,1858.0,7530.0
486,8.90354871749878,3091.0,2425.0,1850.0,7519.0
487,8.922516822814941,3091.0,2425.0,1850.0,7519.0
488,8.942411661148071,3091.0,2425.0,1850.0,7519.0
489,8.961190700531006,3091.0,2425.0,1850.0,7519.0
490,8.981297731399536,3091.0,2425.0,1850.0,7519.0
491,8.999368906021118,3091.0,2425.0,1850.0,7519.0
492,9.018699645996094,3091.0,2425.0,1850.0,7519.0
493,9.037254810333252,3091.0,2425.0,1850.0,7519.0
494,9.058303833007812,3091.0,2428.0,1857.0,7529.0
495,9.077281713485718,3091.0,2428.0,1857.0,7529.0
496,9.09955883026123,3091.0,2428.0,1857.0,7529.0
497,9.11951994895935,3091.0,2428.0,1857.0,7529.0
498,9.140225648880005,3091.0,2428.0,1857.0,7529.0
499,9.159265756607056,3091.0,2428.0,1857.0,7529.0
500,9.180250883102417,3091.0,2428.0,1857.0,7529.0
501,9.197170734405518,3091.0,2428.0,1857.0,7529.0
502,9.218158721923828,3091.0,2427.0,1858.0,7529.0
503,9.236159801483154,3091.0,2427.0,1858.0,7529.0
504,9.254175901412964,3091.0,2427.0,1858.0,7529.0
505,9.2721688747406,3091.0,2427.0,1858.0,7529.0
506,9.293296813964844,3091.0,2427.0,1858.0,7529.0
507,9.311388731002808,3091.0,2427.0,1858.0,7529.0
508,9.331240892410278,3091.0,2427.0,1858.0,7529.0
509,9.349233865737915,3091.0,2427.0,1858.0,7529.0
510,9.369208812713623,3091.0,2425.0,1851.0,7520.0
511,9.386220693588257,3091.0,2425.0,1851.0,7520.0
512,9.40824556350708,3091.0,2425.0,1851.0,7520.0
513,9.432369709014893,3091.0,2425.0,1851.0,7520.0
514,9.456267595291138,3091.0,2425.0,1851.0,7520.0
515,9.475225687026978,3091.0,2425.0,1851.0,7520.0
516,9.496267557144165,3091.0,2425.0,1851.0,7520.0
517,9.514196872711182,3091.0,2427.0,1858.0,7530.0
518,9.532175779342651,3091.0,2427.0,1858.0,7530.0
519,9.550172805786133,3091.0,2427.0,1858.0,7530.0
520,9.569190740585327,3091.0,2427.0,1858.0,7530.0
521,9.585168838500977,3091.0,2427.0,1858.0,7530.0
522,9.60428786277771,3091.0,2427.0,1858.0,7530.0
523,9.62332797050476,3091.0,2427.0,1858.0,7530.0
524,9.644354820251465,3091.0,2427.0,1858.0,7530.0
525,9.664317846298218,3091.0,2427.0,1858.0,7530.0
526,9.685220718383789,3091.0,2428.0,1857.0,7529.0
527,9.703333854675293,3091.0,2428.0,1857.0,7529.0
528,9.723309755325317,3091.0,2428.0,1857.0,7529.0
529,9.742234706878662,3091.0,2428.0,1857.0,7529.0
530,9.762244701385498,3091.0,2428.0,1857.0,7529.0
531,9.779215812683105,3091.0,2428.0,1857.0,7529.0
532,9.79918885231018,3091.0,2428.0,1857.0,7529.0
533,9.81624984741211,3091.0,2428.0,1857.0,7529.0
534,9.834231615066528,3091.0,2425.0,1849.0,7519.0
535,9.852369785308838,3091.0,2425.0,1849.0,7519.0
536,9.871211767196655,3091.0,2425.0,1849.0,7519.0
537,9.888238668441772,3091.0,2425.0,1849.0,7519.0
538,9.919206857681274,3091.0,2425.0,1849.0,7519.0
539,9.935276746749878,3091.0,2425.0,1849.0,7519.0
540,9.95539379119873,3091.0,2425.0,1849.0,7519.0
541,9.971184730529785,3091.0,2425.0,1849.0,7519.0
542,9.992328882217407,3092.0,2427.0,1858.0,7529.0
543,10.01233172416687,3092.0,2427.0,1858.0,7529.0
544,10.034326791763306,3092.0,2427.0,1858.0,7529.0
545,10.054250955581665,3092.0,2427.0,1858.0,7529.0
546,10.075273990631104,3092.0,2427.0,1858.0,7529.0
547,10.094290733337402,3092.0,2427.0,1858.0,7529.0
548,10.118216753005981,3092.0,2427.0,1858.0,7529.0
549,10.137279987335205,3091.0,2427.0,1856.0,7527.0
550,10.157240629196167,3091.0,2427.0,1856.0,7527.0
551,10.176210880279541,3091.0,2427.0,1856.0,7527.0
552,10.196257591247559,3091.0,2427.0,1856.0,7527.0
553,10.213218688964844,3091.0,2427.0,1856.0,7527.0
554,10.232395648956299,3091.0,2427.0,1856.0,7527.0
555,10.25037169456482,3091.0,2427.0,1856.0,7527.0
556,10.270397901535034,3091.0,2427.0,1856.0,7527.0
557,10.288281679153442,3090.0,2425.0,1852.0,7521.0
558,10.30860686302185,3090.0,2425.0,1852.0,7521.0
559,10.328370809555054,3090.0,2425.0,1852.0,7521.0
560,10.34940791130066,3090.0,2425.0,1852.0,7521.0
561,10.366427898406982,3090.0,2425.0,1852.0,7521.0
562,10.385288953781128,3090.0,2425.0,1852.0,7521.0
563,10.402293682098389,3090.0,2425.0,1852.0,7521.0
564,10.421496629714966,3090.0,2425.0,1852.0,7521.0
565,10.440386772155762,3091.0,2427.0,1858.0,7530.0
566,10.460262775421143,3091.0,2427.0,1858.0,7530.0
567,10.47824478149414,3091.0,2427.0,1858.0,7530.0
568,10.498299837112427,3091.0,2427.0,1858.0,7530.0
569,10.517274856567383,3091.0,2427.0,1858.0,7530.0
570,10.539284944534302,3091.0,2427.0,1858.0,7530.0
571,10.557495594024658,3091.0,2427.0,1858.0,7530.0
572,10.579619646072388,3091.0,2427.0,1858.0,7530.0
573,10.599316835403442,3091.0,2424.0,1850.0,7519.0
574,10.620261669158936,3091.0,2424.0,1850.0,7519.0
575,10.638307809829712,3091.0,2424.0,1850.0,7519.0
576,10.658305644989014,3091.0,2424.0,1850.0,7519.0
577,10.677359819412231,3091.0,2424.0,1850.0,7519.0
578,10.69836974143982,3091.0,2424.0,1850.0,7519.0
579,10.717406988143921,3091.0,2424.0,1850.0,7519.0
580,10.73738169670105,3091.0,2424.0,1850.0,7519.0
581,10.756321668624878,3091.0,2427.0,1857.0,7529.0
582,10.776532888412476,3091.0,2427.0,1857.0,7529.0
583,10.79639983177185,3091.0,2427.0,1857.0,7529.0
584,10.817468881607056,3091.0,2427.0,1857.0,7529.0
585,10.835567712783813,3091.0,2427.0,1857.0,7529.0
586,10.856307744979858,3091.0,2427.0,1857.0,7529.0
587,10.875378847122192,3091.0,2427.0,1857.0,7529.0
588,10.897434711456299,3092.0,2427.0,1858.0,7531.0
589,10.916416645050049,3092.0,2427.0,1858.0,7531.0
590,10.935280799865723,3092.0,2427.0,1858.0,7531.0
591,10.953615665435791,3092.0,2427.0,1858.0,7531.0
592,10.975537776947021,3092.0,2427.0,1858.0,7531.0
593,10.99359679222107,3092.0,2427.0,1858.0,7531.0
594,11.016690731048584,3092.0,2427.0,1858.0,7531.0
595,11.035550832748413,3092.0,2427.0,1858.0,7531.0
596,11.056512594223022,3091.0,2425.0,1850.0,7519.0
597,11.074588775634766,3091.0,2425.0,1850.0,7519.0
598,11.097558736801147,3091.0,2425.0,1850.0,7519.0
599,11.116690874099731,3091.0,2425.0,1850.0,7519.0
600,11.138739824295044,3091.0,2425.0,1850.0,7519.0
601,11.158537864685059,3091.0,2425.0,1850.0,7519.0
602,11.180677890777588,3091.0,2425.0,1850.0,7519.0
603,11.201737880706787,3091.0,2427.0,1857.0,7528.0
604,11.222567796707153,3091.0,2427.0,1857.0,7528.0
605,11.243422985076904,3091.0,2427.0,1857.0,7528.0
606,11.26460075378418,3091.0,2427.0,1857.0,7528.0
607,11.283411979675293,3091.0,2427.0,1857.0,7528.0
608,11.304519891738892,3091.0,2427.0,1857.0,7528.0
609,11.322579860687256,3091.0,2427.0,1857.0,7528.0
610,11.343504905700684,3091.0,2427.0,1857.0,7528.0
611,11.36342191696167,3092.0,2427.0,1858.0,7529.0
612,11.385368824005127,3092.0,2427.0,1858.0,7529.0
613,11.404484748840332,3092.0,2427.0,1858.0,7529.0
614,11.425621747970581,3092.0,2427.0,1858.0,7529.0
615,11.445409774780273,3092.0,2427.0,1858.0,7529.0
616,11.469268798828125,3092.0,2427.0,1858.0,7529.0
617,11.487355709075928,3092.0,2427.0,1858.0,7529.0
618,11.534416675567627,3091.0,2424.0,1851.0,7519.0
619,11.552743911743164,3091.0,2424.0,1851.0,7519.0
620,11.574686765670776,3091.0,2424.0,1851.0,7519.0
621,11.611292839050293,3091.0,2424.0,1851.0,7519.0
622,11.631518840789795,3091.0,2424.0,1851.0,7519.0
623,11.649434804916382,3091.0,2424.0,1851.0,7519.0
624,11.672350883483887,3091.0,2426.0,1858.0,7530.0
625,11.690359592437744,3091.0,2426.0,1858.0,7530.0
626,11.711639642715454,3091.0,2426.0,1858.0,7530.0
627,11.731639623641968,3091.0,2426.0,1858.0,7530.0
628,11.754456758499146,3091.0,2426.0,1858.0,7530.0
629,11.773751735687256,3091.0,2426.0,1858.0,7530.0
630,11.79757285118103,3091.0,2426.0,1858.0,7530.0
631,11.816563844680786,3091.0,2427.0,1857.0,7528.0
632,11.835683822631836,3091.0,2427.0,1857.0,7528.0
633,11.854682683944702,3091.0,2427.0,1857.0,7528.0
634,11.877399682998657,3091.0,2427.0,1857.0,7528.0
635,11.895405769348145,3091.0,2427.0,1857.0,7528.0
636,11.91861081123352,3091.0,2427.0,1857.0,7528.0
637,11.937543869018555,3091.0,2427.0,1857.0,7528.0
638,11.95851182937622,3091.0,2427.0,1857.0,7528.0
639,11.978387832641602,3091.0,2425.0,1850.0,7518.0
640,12.001558780670166,3091.0,2425.0,1850.0,7518.0
641,12.022533893585205,3091.0,2425.0,1850.0,7518.0
642,12.042465686798096,3091.0,2425.0,1850.0,7518.0
643,12.060455799102783,3091.0,2425.0,1850.0,7518.0
644,12.081685543060303,3091.0,2425.0,1850.0,7518.0
645,12.099514722824097,3091.0,2425.0,1850.0,7518.0
646,12.120617866516113,3091.0,2425.0,1850.0,7518.0
647,12.140477895736694,3091.0,2427.0,1857.0,7528.0
648,12.16238284111023,3091.0,2427.0,1857.0,7528.0
649,12.181455850601196,3091.0,2427.0,1857.0,7528.0
650,12.202502727508545,3091.0,2427.0,1857.0,7528.0
651,12.220342636108398,3091.0,2427.0,1857.0,7528.0
652,12.241585731506348,3091.0,2427.0,1857.0,7528.0
653,12.259426593780518,3091.0,2427.0,1857.0,7528.0
654,12.279403686523438,3091.0,2427.0,1858.0,7529.0
655,12.298428773880005,3091.0,2427.0,1858.0,7529.0
656,12.317423820495605,3091.0,2427.0,1858.0,7529.0
657,12.336562871932983,3091.0,2427.0,1858.0,7529.0
658,12.35643482208252,3091.0,2427.0,1858.0,7529.0
659,12.37550687789917,3091.0,2427.0,1858.0,7529.0
660,12.396391868591309,3091.0,2427.0,1858.0,7529.0
661,12.414530754089355,3091.0,2427.0,1858.0,7529.0
662,12.436723947525024,3092.0,2425.0,1851.0,7520.0
663,12.457518815994263,3092.0,2425.0,1851.0,7520.0
664,12.497651815414429,3092.0,2425.0,1851.0,7520.0
665,12.517497777938843,3092.0,2425.0,1851.0,7520.0
666,12.539668798446655,3092.0,2425.0,1851.0,7520.0
667,12.558547973632812,3092.0,2425.0,1851.0,7520.0
668,12.579449653625488,3092.0,2425.0,1851.0,7520.0
669,12.599494695663452,3092.0,2427.0,1858.0,7530.0
670,12.62063479423523,3092.0,2427.0,1858.0,7530.0
671,12.639777660369873,3092.0,2427.0,1858.0,7530.0
672,12.663647890090942,3092.0,2427.0,1858.0,7530.0
673,12.683714628219604,3092.0,2427.0,1858.0,7530.0
674,12.703556776046753,3092.0,2427.0,1858.0,7530.0
675,12.721795797348022,3092.0,2427.0,1858.0,7530.0
676,12.744532823562622,3092.0,2426.0,1858.0,7528.0
677,12.764445781707764,3092.0,2426.0,1858.0,7528.0
678,12.78669285774231,3092.0,2426.0,1858.0,7528.0
679,12.80561089515686,3092.0,2426.0,1858.0,7528.0
680,12.828504800796509,3092.0,2426.0,1858.0,7528.0
681,12.849717617034912,3092.0,2426.0,1858.0,7528.0
682,12.871702671051025,3092.0,2426.0,1858.0,7528.0
683,12.892560720443726,3091.0,2425.0,1850.0,7519.0
684,12.914494752883911,3091.0,2425.0,1850.0,7519.0
685,12.933371782302856,3091.0,2425.0,1850.0,7519.0
686,12.952392816543579,3091.0,2425.0,1850.0,7519.0
687,12.96973180770874,3091.0,2425.0,1850.0,7519.0
688,12.990650653839111,3091.0,2425.0,1850.0,7519.0
689,13.009608745574951,3091.0,2425.0,1850.0,7519.0
690,13.031532764434814,3091.0,2425.0,1850.0,7519.0
691,13.049481868743896,3091.0,2427.0,1858.0,7529.0
692,13.070644855499268,3091.0,2427.0,1858.0,7529.0
693,13.090535879135132,3091.0,2427.0,1858.0,7529.0
694,13.110513925552368,3091.0,2427.0,1858.0,7529.0
695,13.129779815673828,3091.0,2427.0,1858.0,7529.0
696,13.151567697525024,3091.0,2427.0,1858.0,7529.0
697,13.171559810638428,3091.0,2427.0,1858.0,7529.0
698,13.193589687347412,3091.0,2427.0,1858.0,7529.0
699,13.213462591171265,3091.0,2427.0,1857.0,7529.0
700,13.23570990562439,3091.0,2427.0,1857.0,7529.0
701,13.255529880523682,3091.0,2427.0,1857.0,7529.0
702,13.276418685913086,3091.0,2427.0,1857.0,7529.0
703,13.29547381401062,3091.0,2427.0,1857.0,7529.0
704,13.31676697731018,3091.0,2427.0,1857.0,7529.0
705,13.335518836975098,3091.0,2427.0,1857.0,7529.0
706,13.355717897415161,3091.0,2424.0,1850.0,7520.0
707,13.376612663269043,3091.0,2424.0,1850.0,7520.0
708,13.397486686706543,3091.0,2424.0,1850.0,7520.0
709,13.416616916656494,3091.0,2424.0,1850.0,7520.0
710,13.437480926513672,3091.0,2424.0,1850.0,7520.0
711,13.45769190788269,3091.0,2424.0,1850.0,7520.0
712,13.478717803955078,3091.0,2424.0,1850.0,7520.0
713,13.499736785888672,3091.0,2424.0,1850.0,7520.0
714,13.520771741867065,3091.0,2427.0,1858.0,7529.0
715,13.53983473777771,3091.0,2427.0,1858.0,7529.0
716,13.563665866851807,3091.0,2427.0,1858.0,7529.0
717,13.583833694458008,3091.0,2427.0,1858.0,7529.0
718,13.607617616653442,3091.0,2427.0,1858.0,7529.0
719,13.627607583999634,3091.0,2427.0,1858.0,7529.0
720,13.650562763214111,3091.0,2427.0,1858.0,7529.0
721,13.66777777671814,3091.0,2427.0,1858.0,7529.0
722,13.689705848693848,3091.0,2427.0,1858.0,7529.0
723,13.709582805633545,3091.0,2427.0,1858.0,7529.0
724,13.731031656265259,3091.0,2427.0,1858.0,7529.0
725,13.749616861343384,3091.0,2427.0,1858.0,7529.0
726,13.770500659942627,3091.0,2427.0,1858.0,7529.0
727,13.86378288269043,3091.0,2424.0,1850.0,7519.0
728,13.887756586074829,3091.0,2424.0,1850.0,7519.0
729,13.90865159034729,3091.0,2424.0,1850.0,7519.0
730,13.93056583404541,3091.0,2424.0,1850.0,7519.0
731,13.949577808380127,3091.0,2424.0,1850.0,7519.0
732,13.971844673156738,3092.0,2427.0,1858.0,7530.0
733,13.992704629898071,3092.0,2427.0,1858.0,7530.0
734,14.0148606300354,3092.0,2427.0,1858.0,7530.0
735,14.034766674041748,3092.0,2427.0,1858.0,7530.0
736,14.056758642196655,3092.0,2427.0,1858.0,7530.0
737,14.078802824020386,3092.0,2427.0,1858.0,7530.0
738,14.100584745407104,3092.0,2427.0,1858.0,7530.0
739,14.119630813598633,3092.0,2427.0,1858.0,7530.0
740,14.141648769378662,3092.0,2427.0,1858.0,7530.0
741,14.16087293624878,3092.0,2427.0,1858.0,7530.0
742,14.183866739273071,3092.0,2427.0,1858.0,7530.0
743,14.205768823623657,3092.0,2427.0,1858.0,7530.0
744,14.22766900062561,3092.0,2427.0,1858.0,7530.0
745,14.249483585357666,3092.0,2427.0,1858.0,7530.0
746,14.270447731018066,3092.0,2427.0,1858.0,7529.0
747,14.29062294960022,3092.0,2427.0,1858.0,7529.0
748,14.312487840652466,3092.0,2427.0,1858.0,7529.0
749,14.332467794418335,3092.0,2427.0,1858.0,7529.0
750,14.353488683700562,3092.0,2427.0,1858.0,7529.0
751,14.372470617294312,3092.0,2427.0,1858.0,7529.0
752,14.393518686294556,3092.0,2427.0,1858.0,7529.0
753,14.413820743560791,3092.0,2427.0,1858.0,7529.0
754,14.436499834060669,3091.0,2425.0,1850.0,7520.0
755,14.456536769866943,3091.0,2425.0,1850.0,7520.0
756,14.478494882583618,3091.0,2425.0,1850.0,7520.0
757,14.49852180480957,3091.0,2425.0,1850.0,7520.0
758,14.561712741851807,3091.0,2425.0,1850.0,7520.0
759,14.580527782440186,3092.0,2426.0,1857.0,7529.0
760,14.602513790130615,3092.0,2426.0,1857.0,7529.0
761,14.619717836380005,3092.0,2426.0,1857.0,7529.0
762,14.641527652740479,3092.0,2426.0,1857.0,7529.0
763,14.659527778625488,3092.0,2426.0,1857.0,7529.0
764,14.682020664215088,3092.0,2426.0,1857.0,7529.0
765,14.709606885910034,3092.0,2426.0,1857.0,7529.0
766,14.732552766799927,3092.0,2427.0,1859.0,7530.0
767,14.75075364112854,3092.0,2427.0,1859.0,7530.0
768,14.771535873413086,3092.0,2427.0,1859.0,7530.0
769,14.791682720184326,3092.0,2427.0,1859.0,7530.0
770,14.814459800720215,3092.0,2427.0,1859.0,7530.0
771,14.83245062828064,3092.0,2427.0,1859.0,7530.0
772,14.853447914123535,3092.0,2427.0,1859.0,7530.0
773,14.871428728103638,3092.0,2427.0,1859.0,7530.0
774,14.892568826675415,3091.0,2424.0,1850.0,7519.0
775,14.912511825561523,3091.0,2424.0,1850.0,7519.0
776,14.932455778121948,3091.0,2424.0,1850.0,7519.0
777,14.95053482055664,3091.0,2424.0,1850.0,7519.0
778,14.970470905303955,3091.0,2424.0,1850.0,7519.0
779,14.989505767822266,3091.0,2424.0,1850.0,7519.0
780,15.011515855789185,3091.0,2424.0,1850.0,7519.0
781,15.031566858291626,3091.0,2424.0,1850.0,7519.0
782,15.052651643753052,3092.0,2427.0,1858.0,7529.0
783,15.07048487663269,3092.0,2427.0,1858.0,7529.0
784,15.092482805252075,3092.0,2427.0,1858.0,7529.0
785,15.11151671409607,3092.0,2427.0,1858.0,7529.0
786,15.133501768112183,3092.0,2427.0,1858.0,7529.0
787,15.152512550354004,3092.0,2427.0,1858.0,7529.0
788,15.17247486114502,3092.0,2427.0,1858.0,7529.0
789,15.190515756607056,3092.0,2427.0,1858.0,7529.0
790,15.211516857147217,3092.0,2427.0,1857.0,7529.0
791,15.231510639190674,3092.0,2427.0,1857.0,7529.0
792,15.252501726150513,3092.0,2427.0,1857.0,7529.0
793,15.271511793136597,3092.0,2427.0,1857.0,7529.0
794,15.293478727340698,3092.0,2427.0,1857.0,7529.0
795,15.313567876815796,3092.0,2427.0,1857.0,7529.0
796,15.335631847381592,3092.0,2427.0,1857.0,7529.0
797,15.355930805206299,3091.0,2425.0,1850.0,7518.0
798,15.37764286994934,3091.0,2425.0,1850.0,7518.0
799,15.397995710372925,3091.0,2425.0,1850.0,7518.0
800,15.420865774154663,3091.0,2425.0,1850.0,7518.0
801,15.442532777786255,3091.0,2425.0,1850.0,7518.0
802,15.46459698677063,3091.0,2425.0,1850.0,7518.0
803,15.482629776000977,3091.0,2425.0,1850.0,7518.0
804,15.504948854446411,3092.0,2427.0,1858.0,7530.0
805,15.526668787002563,3092.0,2427.0,1858.0,7530.0
806,15.549953699111938,3092.0,2427.0,1858.0,7530.0
807,15.571796894073486,3092.0,2427.0,1858.0,7530.0
808,15.595825910568237,3092.0,2427.0,1858.0,7530.0
809,15.616649866104126,3092.0,2427.0,1858.0,7530.0
810,15.63961672782898,3092.0,2427.0,1858.0,7530.0
811,15.659741878509521,3092.0,2427.0,1858.0,7530.0
812,15.682724714279175,3092.0,2427.0,1858.0,7530.0
813,15.701557636260986,3092.0,2427.0,1858.0,7530.0
814,15.72279667854309,3092.0,2427.0,1858.0,7530.0
815,15.743950843811035,3092.0,2427.0,1858.0,7530.0
816,15.766703844070435,3092.0,2427.0,1858.0,7530.0
817,15.78656792640686,3092.0,2427.0,1858.0,7530.0
818,15.808555603027344,3092.0,2425.0,1850.0,7518.0
819,15.82775092124939,3092.0,2425.0,1850.0,7518.0
820,15.84987759590149,3092.0,2425.0,1850.0,7518.0
821,15.870816707611084,3092.0,2425.0,1850.0,7518.0
822,15.894835948944092,3092.0,2425.0,1850.0,7518.0
823,15.91364574432373,3092.0,2425.0,1850.0,7518.0
824,15.93559193611145,3092.0,2425.0,1850.0,7518.0
825,15.954553842544556,3092.0,2425.0,1850.0,7518.0
826,15.975818634033203,3091.0,2427.0,1857.0,7529.0
827,15.99891185760498,3091.0,2427.0,1857.0,7529.0
828,16.020734786987305,3091.0,2427.0,1857.0,7529.0
829,16.04073190689087,3091.0,2427.0,1857.0,7529.0
830,16.064788818359375,3091.0,2427.0,1857.0,7529.0
831,16.08389973640442,3091.0,2427.0,1857.0,7529.0
832,16.108823776245117,3091.0,2427.0,1857.0,7529.0
833,16.13079571723938,3092.0,2427.0,1858.0,7529.0
834,16.15175986289978,3092.0,2427.0,1858.0,7529.0
835,16.17182970046997,3092.0,2427.0,1858.0,7529.0
836,16.19563865661621,3092.0,2427.0,1858.0,7529.0
837,16.216880798339844,3092.0,2427.0,1858.0,7529.0
838,16.23893666267395,3092.0,2427.0,1858.0,7529.0
839,16.260644674301147,3092.0,2427.0,1858.0,7529.0
840,16.28259778022766,3092.0,2425.0,1850.0,7519.0
841,16.302981853485107,3092.0,2425.0,1850.0,7519.0
842,16.327683687210083,3092.0,2425.0,1850.0,7519.0
843,16.348697662353516,3092.0,2425.0,1850.0,7519.0
844,16.371631860733032,3092.0,2425.0,1850.0,7519.0
845,16.39266872406006,3092.0,2425.0,1850.0,7519.0
846,16.414629697799683,3092.0,2425.0,1850.0,7519.0
847,16.433570623397827,3092.0,2427.0,1858.0,7529.0
848,16.456559658050537,3092.0,2427.0,1858.0,7529.0
849,16.476722955703735,3092.0,2427.0,1858.0,7529.0
850,16.500022649765015,3092.0,2427.0,1858.0,7529.0
851,16.5199978351593,3092.0,2427.0,1858.0,7529.0
852,16.544890880584717,3092.0,2427.0,1858.0,7529.0
853,16.564777851104736,3092.0,2427.0,1858.0,7529.0
854,16.58561062812805,3092.0,2427.0,1858.0,7528.0
855,16.603896617889404,3092.0,2427.0,1858.0,7528.0
856,16.62871289253235,3092.0,2427.0,1858.0,7528.0
857,16.649665594100952,3092.0,2427.0,1858.0,7528.0
858,16.673633575439453,3092.0,2427.0,1858.0,7528.0
859,16.693840742111206,3092.0,2427.0,1858.0,7528.0
860,16.716108798980713,3092.0,2427.0,1858.0,7528.0
861,16.735838890075684,3091.0,2424.0,1850.0,7518.0
862,16.75878667831421,3091.0,2424.0,1850.0,7518.0
863,16.778729915618896,3091.0,2424.0,1850.0,7518.0
864,16.80276370048523,3091.0,2424.0,1850.0,7518.0
865,16.821987628936768,3091.0,2424.0,1850.0,7518.0
866,16.844656705856323,3091.0,2424.0,1850.0,7518.0
867,16.864704608917236,3091.0,2424.0,1850.0,7518.0
868,16.886977672576904,3092.0,2426.0,1858.0,7528.0
869,16.908808946609497,3092.0,2426.0,1858.0,7528.0
870,16.932663679122925,3092.0,2426.0,1858.0,7528.0
871,16.95162272453308,3092.0,2426.0,1858.0,7528.0
872,16.973052740097046,3092.0,2426.0,1858.0,7528.0
873,16.99374485015869,3092.0,2426.0,1858.0,7528.0
874,17.015620708465576,3092.0,2426.0,1858.0,7528.0
875,17.035656929016113,3092.0,2427.0,1857.0,7528.0
876,17.05581283569336,3092.0,2427.0,1857.0,7528.0
877,17.075780868530273,3092.0,2427.0,1857.0,7528.0
878,17.09796977043152,3092.0,2427.0,1857.0,7528.0
879,17.116856813430786,3092.0,2427.0,1857.0,7528.0
880,17.139729738235474,3092.0,2427.0,1857.0,7528.0
881,17.15958571434021,3092.0,2427.0,1857.0,7528.0
882,17.182681798934937,3092.0,2427.0,1857.0,7528.0
883,17.201841831207275,3092.0,2425.0,1850.0,7519.0
884,17.223898887634277,3092.0,2425.0,1850.0,7519.0
885,17.244743824005127,3092.0,2425.0,1850.0,7519.0
886,17.265638828277588,3092.0,2425.0,1850.0,7519.0
887,17.285603761672974,3092.0,2425.0,1850.0,7519.0
888,17.307897806167603,3092.0,2425.0,1850.0,7519.0
889,17.32973575592041,3092.0,2425.0,1850.0,7519.0
890,17.3519549369812,3092.0,2427.0,1858.0,7530.0
891,17.372032642364502,3092.0,2427.0,1858.0,7530.0
892,17.39613175392151,3092.0,2427.0,1858.0,7530.0
893,17.416905879974365,3092.0,2427.0,1858.0,7530.0
894,17.440654754638672,3092.0,2427.0,1858.0,7530.0
895,17.46167278289795,3092.0,2427.0,1858.0,7530.0
896,17.483888864517212,3092.0,2427.0,1858.0,7530.0
897,17.50494074821472,3093.0,2427.0,1858.0,7530.0
898,17.528746843338013,3093.0,2427.0,1858.0,7530.0
899,17.5499267578125,3093.0,2427.0,1858.0,7530.0
900,17.574164867401123,3093.0,2427.0,1858.0,7530.0
901,17.595849990844727,3093.0,2427.0,1858.0,7530.0
902,17.618812799453735,3093.0,2427.0,1858.0,7530.0
903,17.637677669525146,3093.0,2427.0,1858.0,7530.0
904,17.661924839019775,3092.0,2425.0,1850.0,7520.0
905,17.68277072906494,3092.0,2425.0,1850.0,7520.0
906,17.705139875411987,3092.0,2425.0,1850.0,7520.0
907,17.725903749465942,3092.0,2425.0,1850.0,7520.0
908,17.749898672103882,3092.0,2425.0,1850.0,7520.0
909,17.77105164527893,3092.0,2425.0,1850.0,7520.0
910,17.793823957443237,3092.0,2425.0,1850.0,7520.0
911,17.815682649612427,3092.0,2427.0,1858.0,7530.0
912,17.837663888931274,3092.0,2427.0,1858.0,7530.0
913,17.85967779159546,3092.0,2427.0,1858.0,7530.0
914,17.880632638931274,3092.0,2427.0,1858.0,7530.0
915,17.89961075782776,3092.0,2427.0,1858.0,7530.0
916,17.920655727386475,3092.0,2427.0,1858.0,7530.0
917,17.937723875045776,3092.0,2427.0,1858.0,7530.0
918,17.959758758544922,3092.0,2427.0,1858.0,7531.0
919,17.97964859008789,3092.0,2427.0,1858.0,7531.0
920,17.99970579147339,3092.0,2427.0,1858.0,7531.0
921,18.017809867858887,3092.0,2427.0,1858.0,7531.0
922,18.03996181488037,3092.0,2427.0,1858.0,7531.0
923,18.05874276161194,3092.0,2427.0,1858.0,7531.0
924,18.082692861557007,3092.0,2427.0,1858.0,7531.0
925,18.103675842285156,3092.0,2427.0,1858.0,7531.0
926,18.125688791275024,3092.0,2425.0,1851.0,7522.0
927,18.143828868865967,3092.0,2425.0,1851.0,7522.0
928,18.16671895980835,3092.0,2425.0,1851.0,7522.0
929,18.187739849090576,3092.0,2425.0,1851.0,7522.0
930,18.20867681503296,3092.0,2425.0,1851.0,7522.0
931,18.23171091079712,3092.0,2425.0,1851.0,7522.0
932,18.25269865989685,3092.0,2425.0,1851.0,7522.0
933,18.27265477180481,3091.0,2427.0,1858.0,7531.0
934,18.295735597610474,3091.0,2427.0,1858.0,7531.0
935,18.31589365005493,3091.0,2427.0,1858.0,7531.0
936,18.336676836013794,3091.0,2427.0,1858.0,7531.0
937,18.354686975479126,3091.0,2427.0,1858.0,7531.0
938,18.376677751541138,3091.0,2427.0,1858.0,7531.0
939,18.396658897399902,3091.0,2427.0,1858.0,7531.0
940,18.416748762130737,3091.0,2427.0,1858.0,7530.0
941,18.43586564064026,3091.0,2427.0,1858.0,7530.0
942,18.464751720428467,3091.0,2427.0,1858.0,7530.0
943,18.487996816635132,3091.0,2427.0,1858.0,7530.0
944,18.53075361251831,3091.0,2427.0,1858.0,7530.0
945,18.59171199798584,3091.0,2425.0,1850.0,7519.0
946,18.613646745681763,3091.0,2425.0,1850.0,7519.0
947,18.633725881576538,3091.0,2425.0,1850.0,7519.0
948,18.654693841934204,3091.0,2425.0,1850.0,7519.0
949,18.674745798110962,3091.0,2425.0,1850.0,7519.0
950,18.69665789604187,3091.0,2425.0,1850.0,7519.0
951,18.71570372581482,3091.0,2425.0,1850.0,7519.0
952,18.73669981956482,3091.0,2427.0,1857.0,7529.0
953,18.756715774536133,3091.0,2427.0,1857.0,7529.0
954,18.779863595962524,3091.0,2427.0,1857.0,7529.0
955,18.800827741622925,3091.0,2427.0,1857.0,7529.0
956,18.825843811035156,3091.0,2427.0,1857.0,7529.0
957,18.84697961807251,3091.0,2427.0,1857.0,7529.0
958,18.869858741760254,3091.0,2427.0,1857.0,7529.0
959,18.88969659805298,3091.0,2427.0,1857.0,7529.0
960,18.90976071357727,3091.0,2427.0,1857.0,7529.0
961,18.92877173423767,3091.0,2427.0,1857.0,7529.0
962,18.949710845947266,3091.0,2427.0,1857.0,7529.0
963,18.97091770172119,3091.0,2427.0,1857.0,7529.0
964,18.993746757507324,3091.0,2427.0,1857.0,7529.0
965,19.01469588279724,3091.0,2427.0,1857.0,7529.0
966,19.035701751708984,3091.0,2426.0,1854.0,7526.0
967,19.055007934570312,3091.0,2426.0,1854.0,7526.0
968,19.079129695892334,3091.0,2426.0,1854.0,7526.0
969,19.100122690200806,3091.0,2426.0,1854.0,7526.0
970,19.125024557113647,3091.0,2426.0,1854.0,7526.0
971,19.144792795181274,3091.0,2426.0,1854.0,7526.0
972,19.170041799545288,3091.0,2426.0,1854.0,7526.0
973,19.191972732543945,3091.0,2426.0,1854.0,7524.0
974,19.21731686592102,3091.0,2426.0,1854.0,7524.0
975,19.23881483078003,3091.0,2426.0,1854.0,7524.0
976,19.261945724487305,3091.0,2426.0,1854.0,7524.0
977,19.28313183784485,3091.0,2426.0,1854.0,7524.0
978,19.308372974395752,3091.0,2426.0,1854.0,7524.0
979,19.330121994018555,3091.0,2426.0,1854.0,7524.0
980,19.35384488105774,3092.0,2427.0,1858.0,7530.0
981,19.374444723129272,3092.0,2427.0,1858.0,7530.0
982,19.399035692214966,3092.0,2427.0,1858.0,7530.0
983,19.41985774040222,3092.0,2427.0,1858.0,7530.0
984,19.44403886795044,3092.0,2427.0,1858.0,7530.0
985,19.46610689163208,3092.0,2427.0,1858.0,7530.0
986,19.490776777267456,3092.0,2427.0,1857.0,7529.0
987,19.512006759643555,3092.0,2427.0,1857.0,7529.0
988,19.537535905838013,3092.0,2427.0,1857.0,7529.0
989,19.560895919799805,3092.0,2427.0,1857.0,7529.0
990,19.583165884017944,3092.0,2427.0,1857.0,7529.0
991,19.60528588294983,3092.0,2427.0,1857.0,7529.0
992,19.62989854812622,3092.0,2427.0,1857.0,7529.0
993,19.649876832962036,3091.0,2424.0,1850.0,7519.0
994,19.67411470413208,3091.0,2424.0,1850.0,7519.0
995,19.694766759872437,3091.0,2424.0,1850.0,7519.0
996,19.716798782348633,3091.0,2424.0,1850.0,7519.0
997,19.73782968521118,3091.0,2424.0,1850.0,7519.0
998,19.758822917938232,3091.0,2424.0,1850.0,7519.0
999,19.781851768493652,3091.0,2424.0,1850.0,7519.0
1000,19.803796768188477,3091.0,2427.0,1858.0,7530.0
1001,19.824891805648804,3091.0,2427.0,1858.0,7530.0
1002,19.846999645233154,3091.0,2427.0,1858.0,7530.0
1003,19.867809772491455,3091.0,2427.0,1858.0,7530.0
1004,19.890148639678955,3091.0,2427.0,1858.0,7530.0
1005,19.911158561706543,3091.0,2427.0,1858.0,7530.0
1006,19.934258937835693,3091.0,2427.0,1858.0,7530.0
1007,19.95617985725403,3092.0,2427.0,1858.0,7531.0
1008,19.98210096359253,3092.0,2427.0,1858.0,7531.0
1009,20.004361867904663,3092.0,2427.0,1858.0,7531.0
1010,20.028170585632324,3092.0,2427.0,1858.0,7531.0
1011,20.050180673599243,3092.0,2427.0,1858.0,7531.0
1012,20.075023651123047,3092.0,2427.0,1858.0,7531.0
1013,20.09706687927246,3092.0,2427.0,1858.0,7531.0
1014,20.122682809829712,3091.0,2425.0,1851.0,7521.0
1015,20.145001888275146,3091.0,2425.0,1851.0,7521.0
1016,20.17005681991577,3091.0,2425.0,1851.0,7521.0
1017,20.197848796844482,3091.0,2425.0,1851.0,7521.0
1018,20.222368717193604,3091.0,2425.0,1851.0,7521.0
1019,20.24398374557495,3091.0,2425.0,1851.0,7521.0
1020,20.26590585708618,3091.0,2427.0,1858.0,7530.0
1021,20.288389682769775,3091.0,2427.0,1858.0,7530.0
1022,20.314254760742188,3091.0,2427.0,1858.0,7530.0
1023,20.336071729660034,3091.0,2427.0,1858.0,7530.0
1024,20.35991668701172,3091.0,2427.0,1858.0,7530.0
1025,20.37986469268799,3091.0,2427.0,1858.0,7530.0
1026,20.401261806488037,3091.0,2427.0,1858.0,7530.0
1027,20.42327070236206,3091.0,2427.0,1858.0,7530.0
1028,20.44684386253357,3091.0,2427.0,1858.0,7530.0
1029,20.46609377861023,3091.0,2427.0,1858.0,7530.0
1030,20.49043869972229,3091.0,2427.0,1858.0,7530.0
1031,20.513965606689453,3091.0,2427.0,1858.0,7530.0
1032,20.53709387779236,3091.0,2427.0,1858.0,7530.0
1033,20.55793261528015,3091.0,2427.0,1858.0,7530.0
1034,20.581883907318115,3090.0,2425.0,1851.0,7520.0
1035,20.601874828338623,3090.0,2425.0,1851.0,7520.0
1036,20.62393283843994,3090.0,2425.0,1851.0,7520.0
1037,20.645811796188354,3090.0,2425.0,1851.0,7520.0
1038,20.66689372062683,3090.0,2425.0,1851.0,7520.0
1039,20.688403844833374,3090.0,2425.0,1851.0,7520.0
1040,20.714253664016724,3090.0,2425.0,1851.0,7520.0
1041,20.736217737197876,3091.0,2427.0,1858.0,7530.0
1042,20.76094079017639,3091.0,2427.0,1858.0,7530.0
1043,20.782822847366333,3091.0,2427.0,1858.0,7530.0
1044,20.806843757629395,3091.0,2427.0,1858.0,7530.0
1045,20.825885772705078,3091.0,2427.0,1858.0,7530.0
1046,20.850027561187744,3091.0,2427.0,1858.0,7530.0
1047,20.870876789093018,3091.0,2427.0,1858.0,7530.0
1048,20.892899751663208,3091.0,2427.0,1858.0,7530.0
1049,20.91586685180664,3091.0,2427.0,1858.0,7530.0
1050,20.938817739486694,3091.0,2427.0,1858.0,7530.0
1051,20.959842681884766,3091.0,2427.0,1858.0,7530.0
1052,20.982024908065796,3091.0,2427.0,1858.0,7530.0
1053,21.00182867050171,3091.0,2427.0,1858.0,7530.0
1054,21.022788763046265,3091.0,2427.0,1858.0,7530.0
1055,21.041809797286987,3092.0,2425.0,1853.0,7523.0
1056,21.06285572052002,3092.0,2425.0,1853.0,7523.0
1057,21.082023859024048,3092.0,2425.0,1853.0,7523.0
1058,21.100857734680176,3092.0,2425.0,1853.0,7523.0
1059,21.120776891708374,3092.0,2425.0,1853.0,7523.0
1060,21.141798734664917,3092.0,2425.0,1853.0,7523.0
1061,21.16086173057556,3092.0,2425.0,1853.0,7523.0
1062,21.181811809539795,3092.0,2426.0,1856.0,7527.0
1063,21.20181369781494,3092.0,2426.0,1856.0,7527.0
1064,21.224815845489502,3092.0,2426.0,1856.0,7527.0
1065,21.24388575553894,3092.0,2426.0,1856.0,7527.0
1066,21.26482367515564,3092.0,2426.0,1856.0,7527.0
1067,21.283970594406128,3092.0,2426.0,1856.0,7527.0
1068,21.30811858177185,3092.0,2426.0,1856.0,7527.0
1069,21.332228660583496,3092.0,2426.0,1856.0,7527.0
1070,21.356139659881592,3092.0,2427.0,1858.0,7530.0
1071,21.376879692077637,3092.0,2427.0,1858.0,7530.0
1072,21.40082573890686,3092.0,2427.0,1858.0,7530.0
1073,21.420798778533936,3092.0,2427.0,1858.0,7530.0
1074,21.441805601119995,3092.0,2427.0,1858.0,7530.0
1075,21.459860801696777,3092.0,2427.0,1858.0,7530.0
1076,21.479898691177368,3092.0,2427.0,1858.0,7530.0
1077,21.498918771743774,3092.0,2425.0,1852.0,7524.0
1078,21.518873691558838,3092.0,2425.0,1852.0,7524.0
1079,21.538866758346558,3092.0,2425.0,1852.0,7524.0
1080,21.558884859085083,3092.0,2425.0,1852.0,7524.0
1081,21.578858852386475,3092.0,2425.0,1852.0,7524.0
1082,21.598066806793213,3092.0,2425.0,1852.0,7524.0
1083,21.61588478088379,3092.0,2425.0,1852.0,7524.0
1084,21.63591194152832,3092.0,2425.0,1852.0,7524.0
1085,21.655958652496338,3092.0,2427.0,1857.0,7529.0
1086,21.675920724868774,3092.0,2427.0,1857.0,7529.0
1087,21.694918870925903,3092.0,2427.0,1857.0,7529.0
1088,21.715879917144775,3092.0,2427.0,1857.0,7529.0
1089,21.735885620117188,3092.0,2427.0,1857.0,7529.0
1090,21.75790786743164,3092.0,2427.0,1857.0,7529.0
1091,21.77791166305542,3092.0,2427.0,1857.0,7529.0
1092,21.799872636795044,3092.0,2427.0,1858.0,7531.0
1093,21.819880962371826,3092.0,2427.0,1858.0,7531.0
1094,21.84190583229065,3092.0,2427.0,1858.0,7531.0
1095,21.860941648483276,3092.0,2427.0,1858.0,7531.0
1096,21.881972789764404,3092.0,2427.0,1858.0,7531.0
1097,21.90009069442749,3092.0,2427.0,1858.0,7531.0
1098,21.92090392112732,3092.0,2427.0,1858.0,7531.0
1099,21.94191265106201,3092.0,2427.0,1858.0,7531.0
1100,21.9629008769989,3091.0,2425.0,1850.0,7520.0
1101,21.982947826385498,3091.0,2425.0,1850.0,7520.0
1102,22.005830764770508,3091.0,2425.0,1850.0,7520.0
1103,22.023969650268555,3091.0,2425.0,1850.0,7520.0
1104,22.04491877555847,3091.0,2425.0,1850.0,7520.0
1105,22.06489872932434,3091.0,2425.0,1850.0,7520.0
1106,22.08492374420166,3091.0,2425.0,1850.0,7520.0
1107,22.105925798416138,3091.0,2427.0,1858.0,7530.0
1108,22.126898765563965,3091.0,2427.0,1858.0,7530.0
1109,22.14689874649048,3091.0,2427.0,1858.0,7530.0
1110,22.166895866394043,3091.0,2427.0,1858.0,7530.0
1111,22.185925722122192,3091.0,2427.0,1858.0,7530.0
1112,22.206986665725708,3091.0,2427.0,1858.0,7530.0
1113,22.226913690567017,3091.0,2427.0,1858.0,7530.0
1114,22.246948719024658,3091.0,2427.0,1858.0,7530.0
1115,22.265938758850098,3091.0,2427.0,1857.0,7530.0
1116,22.286847829818726,3091.0,2427.0,1857.0,7530.0
1117,22.306964874267578,3091.0,2427.0,1857.0,7530.0
1118,22.327921867370605,3091.0,2427.0,1857.0,7530.0
1119,22.346908807754517,3091.0,2427.0,1857.0,7530.0
1120,22.368923902511597,3091.0,2427.0,1857.0,7530.0
1121,22.387937784194946,3091.0,2427.0,1857.0,7530.0
1122,22.40893268585205,3091.0,2424.0,1850.0,7520.0
1123,22.44508171081543,3091.0,2424.0,1850.0,7520.0
1124,22.469074726104736,3091.0,2424.0,1850.0,7520.0
1125,22.498244762420654,3091.0,2424.0,1850.0,7520.0
1126,22.521966695785522,3091.0,2424.0,1850.0,7520.0
1127,22.542993783950806,3091.0,2424.0,1850.0,7520.0
1128,22.566044807434082,3091.0,2427.0,1858.0,7530.0
1129,22.587949752807617,3091.0,2427.0,1858.0,7530.0
1130,22.60890483856201,3091.0,2427.0,1858.0,7530.0
1131,22.627951860427856,3091.0,2427.0,1858.0,7530.0
1132,22.64995574951172,3091.0,2427.0,1858.0,7530.0
1133,22.667902946472168,3091.0,2427.0,1858.0,7530.0
1134,22.690014839172363,3091.0,2427.0,1858.0,7530.0
1135,22.71098279953003,3091.0,2427.0,1858.0,7530.0
1136,22.73310899734497,3092.0,2427.0,1858.0,7530.0
1137,22.75293779373169,3092.0,2427.0,1858.0,7530.0
1138,22.77603268623352,3092.0,2427.0,1858.0,7530.0
1139,22.795990705490112,3092.0,2427.0,1858.0,7530.0
1140,22.816991806030273,3092.0,2427.0,1858.0,7530.0
1141,22.86518383026123,3092.0,2427.0,1858.0,7530.0
1142,22.900981664657593,3092.0,2427.0,1858.0,7530.0
1143,22.923015832901,3092.0,2427.0,1858.0,7530.0
1144,22.94899272918701,3092.0,2427.0,1858.0,7530.0
1145,22.96896481513977,3092.0,2427.0,1858.0,7530.0
1146,22.99302577972412,3092.0,2427.0,1858.0,7530.0
1147,23.013102769851685,3092.0,2427.0,1858.0,7530.0
1148,23.035931825637817,3091.0,2425.0,1851.0,7521.0
1149,23.05592966079712,3091.0,2425.0,1851.0,7521.0
1150,23.07698678970337,3091.0,2425.0,1851.0,7521.0
1151,23.098021745681763,3091.0,2425.0,1851.0,7521.0
1152,23.137935876846313,3091.0,2425.0,1851.0,7521.0
1153,23.158076763153076,3091.0,2425.0,1851.0,7521.0
1154,23.179991722106934,3092.0,2427.0,1858.0,7530.0
1155,23.19800090789795,3092.0,2427.0,1858.0,7530.0
1156,23.217979907989502,3092.0,2427.0,1858.0,7530.0
1157,23.23691177368164,3092.0,2427.0,1858.0,7530.0
1158,23.258994817733765,3092.0,2427.0,1858.0,7530.0
1159,23.27798867225647,3092.0,2427.0,1858.0,7530.0
1160,23.298898935317993,3092.0,2427.0,1858.0,7530.0
1161,23.318983793258667,3092.0,2427.0,1858.0,7530.0
1162,23.341988801956177,3092.0,2427.0,1858.0,7530.0
1163,23.360989809036255,3092.0,2427.0,1858.0,7530.0
1164,23.382964849472046,3092.0,2427.0,1858.0,7530.0
1165,23.403976917266846,3092.0,2427.0,1858.0,7530.0
1166,23.42402482032776,3092.0,2427.0,1858.0,7530.0
1167,23.441991806030273,3092.0,2427.0,1858.0,7530.0
1168,23.464030981063843,3092.0,2427.0,1858.0,7530.0
1169,23.515151739120483,3092.0,2425.0,1851.0,7522.0
1170,23.544031858444214,3092.0,2425.0,1851.0,7522.0
1171,23.564998865127563,3092.0,2425.0,1851.0,7522.0
1172,23.589024543762207,3092.0,2425.0,1851.0,7522.0
1173,23.60903763771057,3092.0,2425.0,1851.0,7522.0
1174,23.631049871444702,3092.0,2425.0,1851.0,7522.0
1175,23.650043725967407,3092.0,2427.0,1858.0,7531.0
1176,23.670986652374268,3092.0,2427.0,1858.0,7531.0
1177,23.69105887413025,3092.0,2427.0,1858.0,7531.0
1178,23.712978839874268,3092.0,2427.0,1858.0,7531.0
1179,23.73198962211609,3092.0,2427.0,1858.0,7531.0
1180,23.75502371788025,3092.0,2427.0,1858.0,7531.0
1181,23.776042938232422,3092.0,2427.0,1858.0,7531.0
1182,23.79607391357422,3092.0,2428.0,1858.0,7531.0
1183,23.81600260734558,3092.0,2428.0,1858.0,7531.0
1184,23.83599066734314,3092.0,2428.0,1858.0,7531.0
1185,23.855036735534668,3092.0,2428.0,1858.0,7531.0
1186,23.878050804138184,3092.0,2428.0,1858.0,7531.0
1187,23.897026777267456,3092.0,2428.0,1858.0,7531.0
1188,23.918014764785767,3092.0,2428.0,1858.0,7531.0
1189,23.936945915222168,3092.0,2428.0,1858.0,7531.0
1190,23.958019733428955,3091.0,2425.0,1850.0,7521.0
1191,23.978954553604126,3091.0,2425.0,1850.0,7521.0
1192,24.003029584884644,3091.0,2425.0,1850.0,7521.0
1193,24.024011611938477,3091.0,2425.0,1850.0,7521.0
1194,24.045945644378662,3091.0,2425.0,1850.0,7521.0
1195,24.065979719161987,3091.0,2425.0,1850.0,7521.0
1196,24.088478803634644,3091.0,2425.0,1850.0,7521.0
1197,24.11031675338745,3092.0,2426.0,1857.0,7531.0
1198,24.135104656219482,3092.0,2426.0,1857.0,7531.0
1199,24.1561598777771,3092.0,2426.0,1857.0,7531.0
1200,24.180086612701416,3092.0,2426.0,1857.0,7531.0
1201,24.203322887420654,3092.0,2426.0,1857.0,7531.0
1202,24.227168560028076,3092.0,2426.0,1857.0,7531.0
1203,24.250597715377808,3092.0,2427.0,1858.0,7530.0
1204,24.27722692489624,3092.0,2427.0,1858.0,7530.0
1205,24.2994167804718,3092.0,2427.0,1858.0,7530.0
1206,24.324310779571533,3092.0,2427.0,1858.0,7530.0
1207,24.34709882736206,3092.0,2427.0,1858.0,7530.0
1208,24.372503757476807,3092.0,2427.0,1858.0,7530.0
1209,24.39633584022522,3092.0,2427.0,1858.0,7530.0
1210,24.42144274711609,3092.0,2425.0,1851.0,7521.0
1211,24.444000005722046,3092.0,2425.0,1851.0,7521.0
1212,24.467050790786743,3092.0,2425.0,1851.0,7521.0
1213,24.489688634872437,3092.0,2425.0,1851.0,7521.0
1214,24.51607394218445,3092.0,2425.0,1851.0,7521.0
1215,24.537168741226196,3092.0,2425.0,1851.0,7521.0
1216,24.565281629562378,3091.0,2428.0,1858.0,7530.0
1217,24.589358806610107,3091.0,2428.0,1858.0,7530.0
1218,24.614370822906494,3091.0,2428.0,1858.0,7530.0
1219,24.63738489151001,3091.0,2428.0,1858.0,7530.0
1220,24.66026496887207,3091.0,2428.0,1858.0,7530.0
1221,24.68343186378479,3091.0,2428.0,1858.0,7530.0
1222,24.70924687385559,3091.0,2427.0,1858.0,7531.0
1223,24.73220467567444,3091.0,2427.0,1858.0,7531.0
1224,24.756427764892578,3091.0,2427.0,1858.0,7531.0
1225,24.77910280227661,3091.0,2427.0,1858.0,7531.0
1226,24.802088737487793,3091.0,2427.0,1858.0,7531.0
1227,24.826193809509277,3091.0,2427.0,1858.0,7531.0
1228,24.85616374015808,3091.0,2427.0,1858.0,7531.0
1229,24.881210803985596,3091.0,2427.0,1857.0,7529.0
1230,24.909138917922974,3091.0,2427.0,1857.0,7529.0
1231,24.932041883468628,3091.0,2427.0,1857.0,7529.0
1232,24.95402479171753,3091.0,2427.0,1857.0,7529.0
1233,24.97402286529541,3091.0,2427.0,1857.0,7529.0
1234,24.99700093269348,3091.0,2427.0,1857.0,7529.0
1235,25.01497983932495,3091.0,2427.0,1857.0,7529.0
1236,25.035220861434937,3092.0,2426.0,1853.0,7523.0
1237,25.054014921188354,3092.0,2426.0,1853.0,7523.0
1238,25.07703971862793,3092.0,2426.0,1853.0,7523.0
1239,25.097020864486694,3092.0,2426.0,1853.0,7523.0
1240,25.12017273902893,3092.0,2426.0,1853.0,7523.0
1241,25.14222478866577,3092.0,2426.0,1853.0,7523.0
1242,25.168259620666504,3092.0,2426.0,1853.0,7523.0
1243,25.191339015960693,3092.0,2427.0,1858.0,7531.0
1244,25.216269731521606,3092.0,2427.0,1858.0,7531.0
1245,25.238367795944214,3092.0,2427.0,1858.0,7531.0
1246,25.263043642044067,3092.0,2427.0,1858.0,7531.0
1247,25.283078908920288,3092.0,2427.0,1858.0,7531.0
1248,25.305095911026,3092.0,2427.0,1858.0,7531.0
1249,25.326138734817505,3092.0,2427.0,1858.0,7530.0
1250,25.349098920822144,3092.0,2427.0,1858.0,7530.0
1251,25.371107816696167,3092.0,2427.0,1858.0,7530.0
1252,25.392109632492065,3092.0,2427.0,1858.0,7530.0
1253,25.413209676742554,3092.0,2427.0,1858.0,7530.0
1254,25.436174631118774,3092.0,2427.0,1858.0,7530.0
1255,25.457119941711426,3092.0,2427.0,1858.0,7530.0
1256,25.47804594039917,3091.0,2425.0,1850.0,7520.0
1257,25.49807381629944,3091.0,2425.0,1850.0,7520.0
1258,25.52010679244995,3091.0,2425.0,1850.0,7520.0
1259,25.54009771347046,3091.0,2425.0,1850.0,7520.0
1260,25.56208896636963,3091.0,2425.0,1850.0,7520.0
1261,25.58229088783264,3091.0,2425.0,1850.0,7520.0
1262,25.60408878326416,3091.0,2425.0,1850.0,7520.0
1263,25.62508273124695,3091.0,2425.0,1850.0,7520.0
1264,25.6471107006073,3092.0,2427.0,1858.0,7532.0
1265,25.668083906173706,3092.0,2427.0,1858.0,7532.0
1266,25.689114809036255,3092.0,2427.0,1858.0,7532.0
1267,25.70913791656494,3092.0,2427.0,1858.0,7532.0
1268,25.732101678848267,3092.0,2427.0,1858.0,7532.0
1269,25.750099897384644,3092.0,2427.0,1858.0,7532.0
1270,25.77308678627014,3092.0,2427.0,1858.0,7532.0
1271,25.792080879211426,3092.0,2428.0,1858.0,7532.0
1272,25.812110662460327,3092.0,2428.0,1858.0,7532.0
1273,25.83111572265625,3092.0,2428.0,1858.0,7532.0
1274,25.852137804031372,3092.0,2428.0,1858.0,7532.0
1275,25.877136707305908,3092.0,2428.0,1858.0,7532.0
1276,25.901108980178833,3092.0,2428.0,1858.0,7532.0
1277,25.9211106300354,3092.0,2428.0,1858.0,7532.0
1278,25.943153858184814,3092.0,2426.0,1850.0,7521.0
1279,25.96507978439331,3092.0,2426.0,1850.0,7521.0
1280,25.987132787704468,3092.0,2426.0,1850.0,7521.0
1281,26.009198665618896,3092.0,2426.0,1850.0,7521.0
1282,26.03010082244873,3092.0,2426.0,1850.0,7521.0
1283,26.0500967502594,3092.0,2426.0,1850.0,7521.0
1284,26.071213722229004,3092.0,2426.0,1850.0,7521.0
1285,26.090088844299316,3092.0,2426.0,1850.0,7521.0
1286,26.110159873962402,3092.0,2428.0,1858.0,7531.0
1287,26.129114866256714,3092.0,2428.0,1858.0,7531.0
1288,26.152110815048218,3092.0,2428.0,1858.0,7531.0
1289,26.17216992378235,3092.0,2428.0,1858.0,7531.0
1290,26.19314169883728,3092.0,2428.0,1858.0,7531.0
1291,26.212132692337036,3092.0,2428.0,1858.0,7531.0
1292,26.233125686645508,3092.0,2428.0,1858.0,7531.0
1293,26.25316095352173,3092.0,2428.0,1858.0,7531.0
1294,26.275142908096313,3092.0,2428.0,1858.0,7531.0
1295,26.29415273666382,3092.0,2428.0,1858.0,7531.0
1296,26.316118717193604,3092.0,2428.0,1858.0,7531.0
1297,26.33409881591797,3092.0,2428.0,1858.0,7531.0
1298,26.35540199279785,3092.0,2428.0,1858.0,7531.0
1299,26.376195669174194,3092.0,2428.0,1858.0,7531.0
1300,26.39616060256958,3092.0,2428.0,1858.0,7531.0
1301,26.4161217212677,3092.0,2426.0,1851.0,7520.0
1302,26.43816375732422,3092.0,2426.0,1851.0,7520.0
1303,26.45912766456604,3092.0,2426.0,1851.0,7520.0
1304,26.47913384437561,3092.0,2426.0,1851.0,7520.0
1305,26.499122858047485,3092.0,2426.0,1851.0,7520.0
1306,26.522124767303467,3092.0,2426.0,1851.0,7520.0
1307,26.542147636413574,3092.0,2426.0,1851.0,7520.0
1308,26.564074993133545,3093.0,2428.0,1858.0,7531.0
1309,26.58312487602234,3093.0,2428.0,1858.0,7531.0
1310,26.60414958000183,3093.0,2428.0,1858.0,7531.0
1311,26.62515091896057,3093.0,2428.0,1858.0,7531.0
1312,26.647409915924072,3093.0,2428.0,1858.0,7531.0
1313,26.66612982749939,3093.0,2428.0,1858.0,7531.0
1314,26.688164710998535,3093.0,2428.0,1858.0,7531.0
1315,26.707213640213013,3092.0,2428.0,1858.0,7532.0
1316,26.729126691818237,3092.0,2428.0,1858.0,7532.0
1317,26.750147819519043,3092.0,2428.0,1858.0,7532.0
1318,26.773178815841675,3092.0,2428.0,1858.0,7532.0
1319,26.792441844940186,3092.0,2428.0,1858.0,7532.0
1320,26.815138816833496,3092.0,2428.0,1858.0,7532.0
1321,26.834144592285156,3092.0,2428.0,1858.0,7532.0
1322,26.85519790649414,3092.0,2428.0,1858.0,7532.0
1323,26.878183841705322,3092.0,2425.0,1850.0,7521.0
1324,26.90115261077881,3092.0,2425.0,1850.0,7521.0
1325,26.923160791397095,3092.0,2425.0,1850.0,7521.0
1326,26.94721484184265,3092.0,2425.0,1850.0,7521.0
1327,26.97014880180359,3092.0,2425.0,1850.0,7521.0
1328,26.99420166015625,3092.0,2425.0,1850.0,7521.0
1329,27.016151666641235,3092.0,2427.0,1858.0,7532.0
1330,27.038212776184082,3092.0,2427.0,1858.0,7532.0
1331,27.05917477607727,3092.0,2427.0,1858.0,7532.0
1332,27.082183837890625,3092.0,2427.0,1858.0,7532.0
1333,27.10316491127014,3092.0,2427.0,1858.0,7532.0
1334,27.125176668167114,3092.0,2427.0,1858.0,7532.0
1335,27.14516568183899,3092.0,2427.0,1858.0,7532.0
1336,27.168165683746338,3092.0,2428.0,1858.0,7532.0
1337,27.189340829849243,3092.0,2428.0,1858.0,7532.0
1338,27.212159872055054,3092.0,2428.0,1858.0,7532.0
1339,27.23057770729065,3092.0,2428.0,1858.0,7532.0
1340,27.253167867660522,3092.0,2428.0,1858.0,7532.0
1341,27.274235725402832,3092.0,2428.0,1858.0,7532.0
1342,27.29419493675232,3092.0,2428.0,1858.0,7532.0
1343,27.314176559448242,3092.0,2428.0,1858.0,7532.0
1344,27.335344791412354,3092.0,2425.0,1850.0,7521.0
1345,27.35617160797119,3092.0,2425.0,1850.0,7521.0
1346,27.37720274925232,3092.0,2425.0,1850.0,7521.0
1347,27.396174669265747,3092.0,2425.0,1850.0,7521.0
1348,27.417173624038696,3092.0,2425.0,1850.0,7521.0
1349,27.43718385696411,3092.0,2425.0,1850.0,7521.0
1350,27.459208965301514,3092.0,2425.0,1850.0,7521.0
1351,27.479185819625854,3092.0,2428.0,1858.0,7531.0
1352,27.500202894210815,3092.0,2428.0,1858.0,7531.0
1353,27.521177768707275,3092.0,2428.0,1858.0,7531.0
1354,27.542163848876953,3092.0,2428.0,1858.0,7531.0
1355,27.56336998939514,3092.0,2428.0,1858.0,7531.0
1356,27.583133935928345,3092.0,2428.0,1858.0,7531.0
1357,27.60414958000183,3092.0,2428.0,1858.0,7531.0
1358,27.627168655395508,3092.0,2428.0,1857.0,7531.0
1359,27.649144649505615,3092.0,2428.0,1857.0,7531.0
1360,27.675339698791504,3092.0,2428.0,1857.0,7531.0
1361,27.69743585586548,3092.0,2428.0,1857.0,7531.0
1362,27.720581769943237,3092.0,2428.0,1857.0,7531.0
1363,27.745486736297607,3092.0,2428.0,1857.0,7531.0
1364,27.772762775421143,3092.0,2428.0,1857.0,7531.0
1365,27.797407865524292,3092.0,2426.0,1850.0,7521.0
1366,27.8227698802948,3092.0,2426.0,1850.0,7521.0
1367,27.852261781692505,3092.0,2426.0,1850.0,7521.0
1368,27.881385803222656,3092.0,2426.0,1850.0,7521.0
1369,27.90552067756653,3092.0,2426.0,1850.0,7521.0
1370,27.930372714996338,3092.0,2426.0,1850.0,7521.0
1371,27.953280687332153,3092.0,2428.0,1858.0,7531.0
1372,27.977608919143677,3092.0,2428.0,1858.0,7531.0
1373,28.00150966644287,3092.0,2428.0,1858.0,7531.0
1374,28.02643871307373,3092.0,2428.0,1858.0,7531.0
1375,28.05028986930847,3092.0,2428.0,1858.0,7531.0
1376,28.07571768760681,3092.0,2428.0,1858.0,7531.0
1377,28.09985375404358,3091.0,2428.0,1858.0,7532.0
1378,28.126465797424316,3091.0,2428.0,1858.0,7532.0
1379,28.15041995048523,3091.0,2428.0,1858.0,7532.0
1380,28.17643165588379,3091.0,2428.0,1858.0,7532.0
1381,28.199492692947388,3091.0,2428.0,1858.0,7532.0
1382,28.226336002349854,3091.0,2428.0,1858.0,7532.0
1383,28.24748182296753,3092.0,2427.0,1855.0,7527.0
1384,28.275224685668945,3092.0,2427.0,1855.0,7527.0
1385,28.29825258255005,3092.0,2427.0,1855.0,7527.0
1386,28.322215795516968,3092.0,2427.0,1855.0,7527.0
1387,28.345231771469116,3092.0,2427.0,1855.0,7527.0
1388,28.36919069290161,3092.0,2427.0,1855.0,7527.0
1389,28.389330863952637,3092.0,2427.0,1855.0,7527.0
1390,28.41352081298828,3093.0,2427.0,1854.0,7526.0
1391,28.436558723449707,3093.0,2427.0,1854.0,7526.0
1392,28.461381673812866,3093.0,2427.0,1854.0,7526.0
1393,28.483582973480225,3093.0,2427.0,1854.0,7526.0
1394,28.509370803833008,3093.0,2427.0,1854.0,7526.0
1395,28.533568620681763,3093.0,2427.0,1854.0,7526.0
1396,28.558214902877808,3093.0,2429.0,1859.0,7532.0
1397,28.580631732940674,3093.0,2429.0,1859.0,7532.0
1398,28.606635570526123,3093.0,2429.0,1859.0,7532.0
1399,28.630420923233032,3093.0,2429.0,1859.0,7532.0
1400,28.654536962509155,3093.0,2429.0,1859.0,7532.0
1401,28.678395748138428,3093.0,2429.0,1859.0,7532.0
1402,28.703320741653442,3093.0,2429.0,1858.0,7532.0
1403,28.72649383544922,3093.0,2429.0,1858.0,7532.0
1404,28.75253677368164,3093.0,2429.0,1858.0,7532.0
1405,28.776458740234375,3093.0,2429.0,1858.0,7532.0
1406,28.80383062362671,3093.0,2429.0,1858.0,7532.0
1407,28.828441858291626,3093.0,2429.0,1858.0,7532.0
1408,28.8533136844635,3093.0,2429.0,1858.0,7532.0
1409,28.876377820968628,3092.0,2425.0,1851.0,7520.0
1410,28.902397871017456,3092.0,2425.0,1851.0,7520.0
1411,28.926427841186523,3092.0,2425.0,1851.0,7520.0
1412,28.95342469215393,3092.0,2425.0,1851.0,7520.0
1413,28.977421760559082,3092.0,2425.0,1851.0,7520.0
1414,29.0016508102417,3092.0,2425.0,1851.0,7520.0
1415,29.02829384803772,3092.0,2428.0,1858.0,7531.0
1416,29.053279876708984,3092.0,2428.0,1858.0,7531.0
1417,29.077305793762207,3092.0,2428.0,1858.0,7531.0
1418,29.101342916488647,3092.0,2428.0,1858.0,7531.0
1419,29.12496280670166,3092.0,2428.0,1858.0,7531.0
1420,29.153321981430054,3092.0,2428.0,1858.0,7531.0
1421,29.177412748336792,3092.0,2428.0,1857.0,7530.0
1422,29.203312873840332,3092.0,2428.0,1857.0,7530.0
1423,29.22545099258423,3092.0,2428.0,1857.0,7530.0
1424,29.249473571777344,3092.0,2428.0,1857.0,7530.0
1425,29.273271799087524,3092.0,2428.0,1857.0,7530.0
1426,29.29838490486145,3092.0,2428.0,1857.0,7530.0
1427,29.32230281829834,3092.0,2427.0,1854.0,7527.0
1428,29.348400831222534,3092.0,2427.0,1854.0,7527.0
1429,29.37233567237854,3092.0,2427.0,1854.0,7527.0
1430,29.40352487564087,3092.0,2427.0,1854.0,7527.0
1431,29.427393674850464,3092.0,2427.0,1854.0,7527.0
1432,29.454331874847412,3092.0,2427.0,1854.0,7527.0
1433,29.479308605194092,3093.0,2427.0,1855.0,7527.0
1434,29.5052707195282,3093.0,2427.0,1855.0,7527.0
1435,29.529303789138794,3093.0,2427.0,1855.0,7527.0
1436,29.552433729171753,3093.0,2427.0,1855.0,7527.0
1437,29.574349641799927,3093.0,2427.0,1855.0,7527.0
1438,29.598302841186523,3093.0,2427.0,1855.0,7527.0
1439,29.61937379837036,3093.0,2427.0,1855.0,7527.0
1440,29.642597675323486,3092.0,2428.0,1858.0,7532.0
1441,29.666358709335327,3092.0,2428.0,1858.0,7532.0
1442,29.690378665924072,3092.0,2428.0,1858.0,7532.0
1443,29.714557886123657,3092.0,2428.0,1858.0,7532.0
1444,29.73830771446228,3092.0,2428.0,1858.0,7532.0
1445,29.761394739151,3092.0,2428.0,1858.0,7532.0
1446,29.784636735916138,3092.0,2428.0,1858.0,7531.0
1447,29.80941677093506,3092.0,2428.0,1858.0,7531.0
1448,29.832339763641357,3092.0,2428.0,1858.0,7531.0
1449,29.85330080986023,3092.0,2428.0,1858.0,7531.0
1450,29.877707719802856,3092.0,2428.0,1858.0,7531.0
1451,29.900335788726807,3092.0,2428.0,1858.0,7531.0
1452,29.925458908081055,3092.0,2428.0,1858.0,7531.0
1453,29.947385787963867,3091.0,2425.0,1850.0,7520.0
1454,29.972359895706177,3091.0,2425.0,1850.0,7520.0
1455,29.995357751846313,3091.0,2425.0,1850.0,7520.0
1456,30.020272731781006,3091.0,2425.0,1850.0,7520.0
1457,30.041332960128784,3091.0,2425.0,1850.0,7520.0
1458,30.065388679504395,3091.0,2425.0,1850.0,7520.0
1459,30.087427616119385,3093.0,2428.0,1858.0,7532.0
1460,30.110317707061768,3093.0,2428.0,1858.0,7532.0
1461,30.1313259601593,3093.0,2428.0,1858.0,7532.0
1462,30.156359910964966,3093.0,2428.0,1858.0,7532.0
1463,30.17838168144226,3093.0,2428.0,1858.0,7532.0
1464,30.202402591705322,3093.0,2428.0,1858.0,7532.0
1465,30.226451873779297,3093.0,2428.0,1858.0,7532.0
1466,30.25145387649536,3092.0,2428.0,1857.0,7531.0
1467,30.274441957473755,3092.0,2428.0,1857.0,7531.0
1468,30.297318696975708,3092.0,2428.0,1857.0,7531.0
1469,30.319352626800537,3092.0,2428.0,1857.0,7531.0
1470,30.351755619049072,3092.0,2428.0,1857.0,7531.0
1471,30.381662845611572,3092.0,2428.0,1857.0,7531.0
1472,30.4123797416687,3092.0,2425.0,1850.0,7521.0
1473,30.437440633773804,3092.0,2425.0,1850.0,7521.0
1474,30.464383840560913,3092.0,2425.0,1850.0,7521.0
