,Time,Force (Newtons),Distance (millimeters)
0,1,0.0036800885895899933,9.765625e-05
1,71,0.004035089319589993,0.0001953125
2,81,0.004182189069589994,0.00029296875
3,89,0.004182189069589994,0.000390625
4,96,0.004182189069589994,0.000390625
5,103,0.004182189069589994,0.000390625
6,111,0.004182189069589994,0.00048828125
7,118,0.004182189069589994,0.00048828125
8,126,0.004182189069589994,0.0005859375
9,132,0.004182189069589994,0.0005859375
10,140,0.004182189069589994,0.0006835937500000001
11,146,0.0044518719445899935,0.0006835937500000001
12,154,0.0044518719445899935,0.00078125
13,160,0.0044518719445899935,0.00078125
14,167,0.0044518719445899935,0.0008789062499999999
15,174,0.004617604329589993,0.0009765625
16,180,0.004617604329589993,0.0009765625
17,187,0.004617604329589993,0.00107421875
18,195,0.004617604329589993,0.001171875
19,202,0.004617604329589993,0.001171875
20,211,0.004617604329589993,0.00126953125
21,218,0.004617604329589993,0.0013671875000000001
22,226,0.004617604329589993,0.00146484375
23,233,0.004617604329589993,0.0015625
24,241,0.004617604329589993,0.0016601562500000002
25,248,0.004882383879589993,0.0017578124999999998
26,256,0.004882383879589993,0.00185546875
27,263,0.004882383879589993,0.00185546875
28,271,0.005113820819589994,0.001953125
29,277,0.005113820819589994,0.00205078125
30,285,0.005113820819589994,0.0021484375
31,292,0.005113820819589994,0.0022460937500000003
32,300,0.005113820819589994,0.00244140625
33,307,0.005113820819589994,0.0025390625
34,316,0.005113820819589994,0.00263671875
35,322,0.005113820819589994,0.0027343750000000003
36,329,0.005113820819589994,0.00283203125
37,336,0.005113820819589994,0.0029296875
38,344,0.005310934484589992,0.00302734375
39,350,0.005310934484589992,0.003125
40,357,0.005310934484589992,0.0032226562500000003
41,364,0.005310934484589992,0.00341796875
42,371,0.005651225239589994,0.0035156249999999997
43,378,0.005651225239589994,0.00361328125
44,386,0.005651225239589994,0.0038085937500000003
45,393,0.005651225239589994,0.00390625
46,403,0.005651225239589994,0.0041015625
47,410,0.005651225239589994,0.00419921875
48,417,0.005651225239589994,0.00439453125
49,424,0.005651225239589994,0.0044921875000000005
50,431,0.005651225239589994,0.004589843749999999
51,438,0.0058532422295899935,0.00478515625
52,446,0.0058532422295899935,0.0048828125
53,453,0.0058532422295899935,0.005078125
54,460,0.0058532422295899935,0.005175781250000001
55,467,0.0062729668495899935,0.00537109375
56,475,0.0062729668495899935,0.0054687500000000005
57,481,0.0062729668495899935,0.0056640625
58,488,0.0062729668495899935,0.0057617187499999995
59,494,0.0062729668495899935,0.00595703125
60,502,0.0062729668495899935,0.00615234375
61,508,0.0062729668495899935,0.00625
62,561,0.006751531369589993,0.00751953125
63,580,0.007304626429589994,0.0080078125
64,589,0.007304626429589994,0.00830078125
65,597,0.007304626429589994,0.00849609375
66,605,0.007304626429589994,0.00869140625
67,612,0.007304626429589994,0.00888671875
68,621,0.007304626429589994,0.009179687499999999
69,629,0.007923426044589992,0.009375
70,640,0.007923426044589992,0.00966796875
71,649,0.007923426044589992,0.0099609375
72,657,0.007923426044589992,0.01015625
73,665,0.008717764694589993,0.010449218750000001
74,693,0.008717764694589993,0.01123046875
75,701,0.008717764694589993,0.011523437499999999
76,708,0.008717764694589993,0.01181640625
77,716,0.008717764694589993,0.01201171875
78,724,0.008717764694589993,0.0123046875
79,731,0.009635667134589992,0.0125
80,738,0.009635667134589992,0.0126953125
81,746,0.009635667134589992,0.01298828125
82,754,0.009635667134589992,0.013281250000000001
83,762,0.010646732749589993,0.013574218749999999
84,770,0.010646732749589993,0.01376953125
85,778,0.010646732749589993,0.014062499999999999
86,785,0.010646732749589993,0.01435546875
87,793,0.010646732749589993,0.0146484375
88,801,0.010646732749589993,0.01484375
89,809,0.010646732749589993,0.01513671875
90,816,0.010646732749589993,0.0154296875
91,823,0.011839221389589993,0.01572265625
92,831,0.011839221389589993,0.016015625
93,838,0.011839221389589993,0.016210937499999998
94,845,0.011839221389589993,0.01650390625
95,853,0.011839221389589993,0.016796875
96,860,0.013105259904589993,0.01708984375
97,868,0.013105259904589993,0.0173828125
98,875,0.013105259904589993,0.01767578125
99,883,0.013105259904589993,0.017968750000000002
100,889,0.013105259904589993,0.018261718750000003
101,897,0.013105259904589993,0.0185546875
102,905,0.013105259904589993,0.01884765625
103,912,0.013105259904589993,0.019140625
104,920,0.014450732284589991,0.01943359375
105,928,0.014450732284589991,0.019824218749999997
106,936,0.014450732284589991,0.0201171875
107,943,0.014450732284589991,0.02041015625
108,951,0.014450732284589991,0.020703125000000003
109,958,0.016142379409589992,0.02109375
110,965,0.016142379409589992,0.02138671875
111,973,0.016142379409589992,0.021679687500000003
112,981,0.016142379409589992,0.022070312499999998
113,989,0.016142379409589992,0.02236328125
114,997,0.016142379409589992,0.02275390625
115,1004,0.016142379409589992,0.023046874999999998
116,1012,0.016142379409589992,0.023339843750000002
117,1020,0.017920325054589993,0.02373046875
118,1026,0.017920325054589993,0.0240234375
119,1034,0.017920325054589993,0.0244140625
120,1041,0.017920325054589993,0.024707031249999997
121,1048,0.017920325054589993,0.02509765625
122,1055,0.019881655054589994,0.025390625
123,1063,0.019881655054589994,0.025781250000000002
124,1070,0.019881655054589994,0.02607421875
125,1126,0.021987142809589993,0.02880859375
126,1147,0.021987142809589993,0.0298828125
127,1156,0.024218155684589994,0.0302734375
128,1163,0.024218155684589994,0.030664062500000002
129,1171,0.024218155684589994,0.0310546875
130,1179,0.024218155684589994,0.03154296875
131,1187,0.024218155684589994,0.03193359375
132,1195,0.024218155684589994,0.03232421875
133,1204,0.024218155684589994,0.0328125
134,1213,0.02650212446958999,0.03330078125
135,1221,0.02650212446958999,0.03369140625
136,1230,0.02650212446958999,0.0341796875
137,1238,0.02650212446958999,0.03466796875
138,1246,0.02650212446958999,0.03505859375
139,1255,0.028930251009589993,0.035546875
140,1263,0.028930251009589993,0.03603515625
141,1270,0.028930251009589993,0.03642578125
142,1278,0.028930251009589993,0.0369140625
143,1286,0.028930251009589993,0.037304687499999996
144,1293,0.028930251009589993,0.0376953125
145,1301,0.028930251009589993,0.03818359375
146,1308,0.03132797693458999,0.03857421875
147,1317,0.03132797693458999,0.0390625
148,1325,0.03132797693458999,0.03955078125
149,1333,0.03132797693458999,0.0400390625
150,1341,0.03132797693458999,0.04052734375
151,1348,0.03374825815458999,0.040917968750000006
152,1356,0.03374825815458999,0.041406250000000006
153,1365,0.03374825815458999,0.04189453125
154,1372,0.03374825815458999,0.0423828125
155,1381,0.03374825815458999,0.04287109375
156,1391,0.03374825815458999,0.04345703125
157,1399,0.036224437279589995,0.0439453125
158,1407,0.036224437279589995,0.044531249999999994
159,1415,0.036224437279589995,0.04501953125
160,1423,0.036224437279589995,0.0455078125
161,1431,0.036224437279589995,0.04599609375
162,1440,0.036224437279589995,0.046582031249999996
163,1448,0.03884183216458999,0.0470703125
164,1456,0.03884183216458999,0.04755859375
165,1464,0.03884183216458999,0.048046875
166,1491,0.03884183216458999,0.0498046875
167,1498,0.04149256965958999,0.05029296875
168,1506,0.04149256965958999,0.05078125
169,1514,0.04149256965958999,0.051367187499999994
170,1522,0.04149256965958999,0.051855468749999994
171,1530,0.04149256965958999,0.05244140625
172,1538,0.04149256965958999,0.0529296875
173,1547,0.04436101478458999,0.053515625000000004
174,1554,0.04436101478458999,0.0541015625
175,1562,0.04436101478458999,0.05458984375
176,1570,0.04436101478458999,0.05517578125
177,1579,0.04436101478458999,0.05576171875
178,1588,0.04436101478458999,0.056445312500000004
179,1597,0.04729908712458999,0.05703125
180,1605,0.04729908712458999,0.05751953125
181,1662,0.05041367916458999,0.06171875
182,1680,0.05041367916458999,0.06298828125
183,1690,0.05356455580958999,0.06367187499999999
184,1698,0.05356455580958999,0.06435546875
185,1706,0.05356455580958999,0.06494140625
186,1715,0.05356455580958999,0.065625
187,1724,0.05356455580958999,0.0662109375
188,1732,0.05356455580958999,0.06689453125
189,1741,0.05686743552958999,0.067578125
190,1749,0.05686743552958999,0.06816406250000001
191,1757,0.05686743552958999,0.06875
192,1766,0.05686743552958999,0.06953125
193,1774,0.05686743552958999,0.0701171875
194,1784,0.06018208322958999,0.0708984375
195,1791,0.06018208322958999,0.071484375
196,1801,0.06018208322958999,0.072265625
197,1809,0.06018208322958999,0.0728515625
198,1817,0.06018208322958999,0.07353515625
199,1825,0.06018208322958999,0.07412109375
200,1833,0.06018208322958999,0.07470703125
201,1840,0.06367913461958999,0.075390625
202,1849,0.06367913461958999,0.07607421875
203,1856,0.06367913461958999,0.07666015625
204,1865,0.06367913461958999,0.07734375
205,1873,0.06367913461958999,0.07802734375
206,1882,0.06733211174458999,0.07880859375
207,1890,0.06733211174458999,0.0794921875
208,1899,0.06733211174458999,0.08017578125000001
209,1907,0.06733211174458999,0.080859375
210,1915,0.06733211174458999,0.08154296875
211,1923,0.06733211174458999,0.0822265625
212,1932,0.06733211174458999,0.08291015625
213,1940,0.07122535179459,0.08359375000000001
214,1948,0.07122535179459,0.084375
215,1956,0.07122535179459,0.08505859375000001
216,1965,0.07122535179459,0.0857421875
217,1973,0.07122535179459,0.08642578125
218,1981,0.07518723839458999,0.08720703125
219,1989,0.07518723839458999,0.087890625
220,1998,0.07518723839458999,0.08857421875
221,2006,0.07518723839458999,0.08935546875
222,2014,0.07518723839458999,0.0900390625
223,2022,0.07518723839458999,0.09072265624999999
224,2031,0.07518723839458999,0.09150390624999999
225,2038,0.07937860060458998,0.09218749999999999
226,2047,0.07937860060458998,0.09296874999999999
227,2055,0.07937860060458998,0.09365234375
228,2063,0.07937860060458998,0.09443359375
229,2071,0.07937860060458998,0.0951171875
230,2080,0.08370627524958998,0.0958984375
231,2087,0.08370627524958998,0.09658203125
232,2096,0.08370627524958998,0.09736328125
233,2104,0.08370627524958998,0.09814453125
234,2113,0.08370627524958998,0.09892578125000001
235,2121,0.08370627524958998,0.09970703125000001
236,2130,0.08837031798958998,0.10048828124999999
237,2137,0.08837031798958998,0.101171875
238,2146,0.08837031798958998,0.10205078125
239,2154,0.08837031798958998,0.10273437499999999
240,2162,0.08837031798958998,0.103515625
241,2170,0.09318734446959,0.104296875
242,2179,0.09318734446959,0.105078125
243,2186,0.09318734446959,0.105859375
244,2194,0.09318734446959,0.106640625
245,2203,0.09318734446959,0.107421875
246,2211,0.09318734446959,0.108203125
247,2220,0.09318734446959,0.10908203125
248,2270,0.10324210271458999,0.11396484375
249,2287,0.10324210271458999,0.11572265625
250,2296,0.10324210271458999,0.11650390625
251,2305,0.10324210271458999,0.11748046875
252,2314,0.10324210271458999,0.11835937499999999
253,2323,0.10324210271458999,0.1193359375
254,2332,0.10839843928458999,0.1201171875
255,2341,0.10839843928458999,0.12109375
256,2349,0.10839843928458999,0.12187500000000001
257,2357,0.10839843928458999,0.12265625000000001
258,2365,0.11330078361958999,0.12353515625
259,2374,0.11330078361958999,0.12431640625000001
260,2382,0.11330078361958999,0.12509765625
261,2390,0.11330078361958999,0.1259765625
262,2399,0.11330078361958999,0.12685546875
263,2407,0.11330078361958999,0.127734375
264,2415,0.11330078361958999,0.128515625
265,2424,0.11863560121958998,0.12939453125
266,2432,0.11863560121958998,0.1302734375
267,2442,0.11863560121958998,0.13115234375
268,2450,0.11863560121958998,0.13193359375
269,2458,0.12391452091458999,0.1328125
270,2466,0.12391452091458999,0.13359375
271,2475,0.12391452091458999,0.13447265625
272,2484,0.12391452091458999,0.1353515625
273,2492,0.12391452091458999,0.1361328125
274,2499,0.12391452091458999,0.1369140625
275,2508,0.12391452091458999,0.13779296875
276,2515,0.12391452091458999,0.13857421875
277,2524,0.12956609330959,0.13935546875
278,2531,0.12956609330959,0.14013671875
279,2540,0.12956609330959,0.141015625
280,2549,0.12956609330959,0.141796875
281,2557,0.13503624267959,0.14267578125
282,2565,0.13503624267959,0.1435546875
283,2577,0.13503624267959,0.14462890625
284,2585,0.13503624267959,0.1455078125
285,2593,0.13503624267959,0.14619140625000002
286,2601,0.13503624267959,0.1470703125
287,2609,0.13503624267959,0.1478515625
288,2616,0.13503624267959,0.14863281250000002
289,2625,0.14071625435959,0.14951171875
290,2632,0.14071625435959,0.1501953125
291,2641,0.14071625435959,0.15107421875000002
292,2649,0.14071625435959,0.151953125
293,2658,0.14637174941459,0.152734375
294,2665,0.14637174941459,0.15351562500000002
295,2674,0.14637174941459,0.15439453125
296,2682,0.14637174941459,0.15517578125
297,2691,0.14637174941459,0.1560546875
298,2699,0.14637174941459,0.1568359375
299,2707,0.14637174941459,0.15771484375
300,2716,0.15247736970459,0.15859374999999998
301,2725,0.15247736970459,0.15947265624999998
302,2734,0.15247736970459,0.16035156250000002
303,2742,0.15247736970459,0.1611328125
304,2749,0.15866830784959,0.16191406249999998
305,2758,0.15866830784959,0.16279296875000002
306,2766,0.15866830784959,0.16357421875
307,2774,0.15866830784959,0.16435546874999998
308,2783,0.15866830784959,0.16533203125
309,2792,0.15866830784959,0.16611328125000002
310,2799,0.15866830784959,0.16689453125
311,2808,0.15866830784959,0.1677734375
312,2817,0.16508970226959,0.16865234375
313,2826,0.16508970226959,0.16962890625000002
314,2835,0.16508970226959,0.17050781250000002
315,2845,0.17131398302459,0.171484375
316,2896,0.17131398302459,0.17656249999999998
317,2913,0.17770301549959003,0.17822265625
318,2922,0.17770301549959003,0.17919921875
319,2932,0.17770301549959003,0.180078125
320,2940,0.18392141226459,0.18095703125
321,2948,0.18392141226459,0.18173828125
322,2957,0.18392141226459,0.18271484375000002
323,2966,0.18392141226459,0.18359375
324,2973,0.18392141226459,0.18427734375000002
325,2982,0.18392141226459,0.18515625000000002
326,2990,0.18392141226459,0.18603515625
327,2999,0.18392141226459,0.18681640624999998
328,3007,0.18392141226459,0.18759765625000002
329,3015,0.19061248955958998,0.1884765625
330,3024,0.19061248955958998,0.18935546875
331,3033,0.19061248955958998,0.190234375
332,3041,0.19705055528458998,0.191015625
333,3049,0.19705055528458998,0.19189453125
334,3058,0.19705055528458998,0.19277343749999998
335,3066,0.19705055528458998,0.1935546875
336,3075,0.19705055528458998,0.19443359375
337,3083,0.19705055528458998,0.1953125
338,3091,0.19705055528458998,0.19599609375
339,3099,0.19705055528458998,0.196875
340,3107,0.19705055528458998,0.19765624999999998
341,3115,0.20368573467459,0.19853515624999998
342,3124,0.20368573467459,0.19931640625
343,3132,0.21013556837958997,0.2001953125
344,3140,0.21013556837958997,0.20097656249999998
345,3148,0.21013556837958997,0.2017578125
346,3157,0.21013556837958997,0.20273437500000002
347,3166,0.21013556837958997,0.203515625
348,3174,0.21013556837958997,0.20429687500000002
349,3182,0.21013556837958997,0.20517578125000002
350,3191,0.21013556837958997,0.2060546875
351,3199,0.21013556837958997,0.20693359375
352,3208,0.21696393877458997,0.20771484375
353,3217,0.21696393877458997,0.20869140625000002
354,3226,0.21696393877458997,0.20957031250000002
355,3235,0.22385703305958998,0.21044921875
356,3243,0.22385703305958998,0.21123046874999998
357,3251,0.22385703305958998,0.212109375
358,3260,0.22385703305958998,0.21298828125
359,3269,0.22385703305958998,0.2138671875
360,3278,0.22385703305958998,0.21474609374999998
361,3287,0.22385703305958998,0.21572265625
362,3296,0.22385703305958998,0.21650390625000002
363,3304,0.23097371896459,0.21738281250000002
364,3312,0.23097371896459,0.2181640625
365,3320,0.23097371896459,0.21904296875
366,3329,0.23794722777959,0.21982421875000002
367,3337,0.23794722777959,0.220703125
368,3346,0.23794722777959,0.22158203125
369,3354,0.23794722777959,0.22236328125
370,3363,0.23794722777959,0.2232421875
371,3371,0.23794722777959,0.22412109375
372,3380,0.23794722777959,0.22499999999999998
373,3389,0.23794722777959,0.22587890624999998
374,3397,0.23794722777959,0.22666015625000002
375,3406,0.24494525321959001,0.2275390625
376,3414,0.24494525321959001,0.22832031249999998
377,3422,0.25183932816959,0.22919921875
378,3430,0.25183932816959,0.22998046875
379,3439,0.25183932816959,0.230859375
380,3448,0.25183932816959,0.23173828125
381,3456,0.25183932816959,0.2326171875
382,3464,0.25183932816959,0.23330078125
383,3472,0.25183932816959,0.2341796875
384,3481,0.25183932816959,0.23505859375
385,3489,0.25183932816959,0.23583984375
386,3497,0.25183932816959,0.23662109375
387,3505,0.25912664978459,0.2375
388,3514,0.25912664978459,0.23837890625
389,3522,0.26624529701959,0.23916015624999998
390,3530,0.26624529701959,0.23994140625
391,3538,0.26624529701959,0.2408203125
392,3547,0.26624529701959,0.24160156249999998
393,3555,0.26624529701959,0.24248046874999998
394,3564,0.26624529701959,0.24335937500000002
395,3573,0.26624529701959,0.24423828125000002
396,3581,0.26624529701959,0.2451171875
397,3589,0.26624529701959,0.2458984375
398,3598,0.27355027060459,0.24677734375
399,3650,0.28047278483959,0.251953125
400,3667,0.28047278483959,0.25361328125
401,3675,0.28047278483959,0.25449218749999997
402,3684,0.28047278483959,0.25537109375
403,3693,0.28047278483959,0.25625
404,3702,0.28807588058459,0.2572265625
405,3711,0.29547597867459,0.25810546875
406,3720,0.29547597867459,0.258984375
407,3731,0.29547597867459,0.26005859375
408,3739,0.29547597867459,0.26083984375
409,3748,0.29547597867459,0.26181640624999997
410,3757,0.29547597867459,0.2626953125
411,3765,0.29547597867459,0.2634765625
412,3774,0.29547597867459,0.26435546875
413,3783,0.29547597867459,0.26533203125000004
414,3792,0.29547597867459,0.26611328125
415,3800,0.30355273561458995,0.2669921875
416,3808,0.31138040364459,0.26777343750000004
417,3817,0.31138040364459,0.26865234375
418,3825,0.31138040364459,0.26953125
419,3834,0.31138040364459,0.2703125
420,3842,0.31138040364459,0.27119140625
421,3851,0.31138040364459,0.2720703125
422,3860,0.31138040364459,0.27294921875
423,3868,0.31138040364459,0.27373046875
424,3876,0.31138040364459,0.274609375
425,3885,0.31138040364459,0.27548828125
426,3893,0.31940910799959,0.27626953125
427,3902,0.32719264610459,0.2771484375
428,3910,0.32719264610459,0.2779296875
429,3919,0.32719264610459,0.27890624999999997
430,3928,0.32719264610459,0.27978515625
431,3936,0.32719264610459,0.28056640625
432,3945,0.32719264610459,0.28154296874999996
433,3955,0.32719264610459,0.28242187500000004
434,3963,0.32719264610459,0.28330078125
435,3972,0.32719264610459,0.2841796875
436,3980,0.32719264610459,0.2849609375
437,3989,0.33588722199459004,0.28583984375
438,3998,0.34440233618959,0.28681640625
439,4007,0.34440233618959,0.2876953125
440,4015,0.34440233618959,0.2884765625
441,4023,0.34440233618959,0.2892578125
442,4032,0.34440233618959,0.290234375
443,4041,0.34440233618959,0.29111328124999997
444,4049,0.34440233618959,0.29189453125
445,4058,0.34440233618959,0.2927734375
446,4067,0.34440233618959,0.29365234375
447,4076,0.34440233618959,0.29453125
448,4084,0.34440233618959,0.2953125
449,4092,0.35352742401459003,0.29619140624999996
450,4101,0.36246912748459004,0.29707031250000004
451,4110,0.36246912748459004,0.29794921875
452,4119,0.36246912748459004,0.298828125
453,4127,0.36246912748459004,0.29970703125000003
454,4135,0.36246912748459004,0.30048828125
455,4144,0.36246912748459004,0.30146484375
456,4153,0.36246912748459004,0.30224609375
457,4162,0.36246912748459004,0.30322265625
458,4171,0.36246912748459004,0.3041015625
459,4180,0.36246912748459004,0.30498046875
460,4189,0.37213260039459,0.305859375
461,4198,0.3816656448595899,0.30683593750000004
462,4207,0.3816656448595899,0.30771484375
463,4216,0.3816656448595899,0.30859375
464,4225,0.3816656448595899,0.30947265625000003
465,4234,0.3816656448595899,0.31044921875
466,4244,0.3816656448595899,0.311328125
467,4253,0.3816656448595899,0.31220703125
468,4261,0.3816656448595899,0.3130859375
469,4270,0.3816656448595899,0.31406249999999997
470,4279,0.3816656448595899,0.31494140625
471,4292,0.40261166859458997,0.31611328125
472,4302,0.40261166859458997,0.31718749999999996
473,4310,0.40261166859458997,0.31796875
474,4319,0.40261166859458997,0.31894531249999997
475,4328,0.40261166859458997,0.31982421875
476,4338,0.40261166859458997,0.32070312500000003
477,4346,0.40261166859458997,0.32158203125
478,4355,0.40261166859458997,0.32246093750000004
479,4364,0.40261166859458997,0.3234375
480,4373,0.40261166859458997,0.32431640625
481,4382,0.41311164874959,0.3251953125
482,4446,0.42344393518959,0.33125000000000004
483,4455,0.42344393518959,0.33251953125
484,4465,0.42344393518959,0.33349609375
485,4474,0.42344393518959,0.33437500000000003
486,4484,0.44546084510459,0.33535156250000003
487,4493,0.44546084510459,0.336328125
488,4502,0.44546084510459,0.33720703125
489,4512,0.44546084510459,0.3380859375
490,4521,0.44546084510459,0.3390625
491,4531,0.44546084510459,0.3400390625
492,4540,0.44546084510459,0.34101562500000004
493,4549,0.44546084510459,0.34189453124999997
494,4558,0.44546084510459,0.3427734375
495,4579,0.46856825449959,0.344921875
496,4589,0.46856825449959,0.34589843750000004
497,4599,0.46856825449959,0.34687500000000004
498,4609,0.46856825449959,0.3478515625
499,4619,0.46856825449959,0.34892578124999996
500,4629,0.46856825449959,0.3498046875
501,4638,0.46856825449959,0.35068359374999997
502,4647,0.46856825449959,0.35166015624999997
503,4668,0.46856825449959,0.35380859374999996
504,4680,0.49300250363959,0.35488281250000003
505,4689,0.49300250363959,0.355859375
506,4697,0.49300250363959,0.35673828125
507,4707,0.49300250363959,0.3576171875
508,4715,0.49300250363959,0.35849609375
509,4725,0.49300250363959,0.35947265625
510,4734,0.49300250363959,0.3603515625
511,4743,0.49300250363959,0.36123046875000003
512,4753,0.49300250363959,0.36220703125000003
513,4762,0.49300250363959,0.36318359375
514,4772,0.5202944105895899,0.36416015625
515,4782,0.5202944105895899,0.36513671875
516,4791,0.5202944105895899,0.36601562499999996
517,4799,0.5202944105895899,0.36689453125
518,4808,0.5202944105895899,0.36777343749999997
519,4818,0.5202944105895899,0.36874999999999997
520,4826,0.5202944105895899,0.36962890625
521,4836,0.5202944105895899,0.37060546875
522,4845,0.5202944105895899,0.371484375
523,4854,0.5202944105895899,0.3724609375
524,4863,0.5202944105895899,0.37333984374999996
525,4872,0.5482894543445899,0.37421875
526,4882,0.5482894543445899,0.37509765624999997
527,4890,0.5482894543445899,0.3759765625
528,4900,0.5482894543445899,0.376953125
529,4909,0.5482894543445899,0.37783203125
530,4917,0.5482894543445899,0.3787109375
531,4927,0.5482894543445899,0.3796875
532,4936,0.5482894543445899,0.38056640625
533,4945,0.5482894543445899,0.3814453125
534,4954,0.5482894543445899,0.38232421875
535,4962,0.5633828693595899,0.38320312500000003
536,4972,0.5789440615795899,0.38417968750000003
537,4981,0.5789440615795899,0.38515625
538,4990,0.5789440615795899,0.38593750000000004
539,4999,0.5789440615795899,0.38681640625
540,5007,0.5789440615795899,0.3876953125
541,5017,0.5789440615795899,0.388671875
542,5025,0.5789440615795899,0.38955078125
543,5034,0.5789440615795899,0.39042968749999996
544,5044,0.5789440615795899,0.39140624999999996
545,5053,0.5789440615795899,0.39218749999999997
546,5061,0.5958948561045899,0.39306640625
547,5071,0.6133693257395899,0.39404296875
548,5080,0.6133693257395899,0.394921875
549,5089,0.6133693257395899,0.3958984375
550,5099,0.6133693257395899,0.396875
551,5109,0.6133693257395899,0.39785156250000003
552,5119,0.6133693257395899,0.39892578125
553,5129,0.6133693257395899,0.3998046875
554,5138,0.6133693257395899,0.40078125
555,5146,0.6133693257395899,0.40166015625
556,5156,0.6317999437495898,0.40263671874999996
557,5208,0.65069735829959,0.40771484375
558,5225,0.65069735829959,0.40947265625
559,5236,0.65069735829959,0.41064453125
560,5246,0.65069735829959,0.41162109375
561,5257,0.6720317253745899,0.41259765625
562,5266,0.6938397536445899,0.41357421875
563,5276,0.6938397536445899,0.41455078125
564,5285,0.6938397536445899,0.4154296875
565,5294,0.6938397536445899,0.41630859375
566,5303,0.6938397536445899,0.41728515624999996
567,5312,0.6938397536445899,0.4181640625
568,5321,0.6938397536445899,0.41904296874999997
569,5330,0.6938397536445899,0.419921875
570,5339,0.6938397536445899,0.42080078125000003
571,5348,0.7166657121845899,0.42177734375
572,5357,0.7166657121845899,0.42265625
573,5366,0.7400898763745899,0.42353515625
574,5374,0.7400898763745899,0.4244140625
575,5384,0.7400898763745899,0.425390625
576,5392,0.7400898763745899,0.426171875
577,5401,0.7400898763745899,0.42714843750000003
578,5411,0.7400898763745899,0.42802734374999996
579,5420,0.7400898763745899,0.42890625000000004
580,5429,0.7400898763745899,0.42978515624999997
581,5438,0.7400898763745899,0.43076171875
582,5447,0.76480165370959,0.431640625
583,5456,0.79051370934459,0.4326171875
584,5466,0.79051370934459,0.43349609375
585,5474,0.79051370934459,0.43437499999999996
586,5484,0.79051370934459,0.43535156249999996
587,5494,0.79051370934459,0.436328125
588,5503,0.79051370934459,0.4373046875
589,5512,0.79051370934459,0.43818359375
590,5522,0.79051370934459,0.43916015625
591,5531,0.79051370934459,0.4400390625
592,5539,0.81870880875959,0.44091796875
593,5549,0.81870880875959,0.44179687500000003
594,5558,0.8479071284695898,0.44267578124999996
595,5567,0.8479071284695898,0.44365234375
596,5577,0.8479071284695898,0.44462890625
597,5586,0.8479071284695898,0.44560546875
598,5596,0.8479071284695898,0.44658203124999996
599,5605,0.8479071284695898,0.4474609375
600,5614,0.8479071284695898,0.44833984374999997
601,5623,0.8479071284695898,0.44921875
602,5632,0.8479071284695898,0.45009765625000003
603,5641,0.87880297929459,0.45107421875
604,5650,0.87880297929459,0.451953125
605,5659,0.9109413326745899,0.45283203125
606,5668,0.9109413326745899,0.45380859375
607,5677,0.9109413326745899,0.4546875
608,5686,0.9109413326745899,0.45556640625
609,5695,0.9109413326745899,0.45644531250000003
610,5704,0.9109413326745899,0.45732421874999996
611,5713,0.9109413326745899,0.45820312500000004
612,5722,0.9109413326745899,0.45917968750000004
613,5731,0.9474093220295898,0.46005859375
614,5741,0.9474093220295898,0.46103515625
615,5750,0.9854728533395899,0.46201171875
616,5760,0.9854728533395899,0.462890625
617,5770,0.9854728533395899,0.46396484374999997
618,5780,0.9854728533395899,0.4650390625
619,5790,0.9854728533395899,0.466015625
620,5800,0.9854728533395899,0.4669921875
621,5810,0.9854728533395899,0.46796875000000004
622,5819,0.9854728533395899,0.46884765624999997
623,5828,1.02669020328959,0.4697265625
624,5837,1.02669020328959,0.47060546875
625,5846,1.02669020328959,0.47158203125
626,5855,1.0693520727845898,0.4724609375
627,5865,1.0693520727845898,0.47343749999999996
628,5874,1.0693520727845898,0.47431640625
629,5883,1.0693520727845898,0.47519531249999997
630,5893,1.0693520727845898,0.47626953125000004
631,5902,1.0693520727845898,0.4771484375
632,5911,1.0693520727845898,0.47802734375
633,5920,1.0693520727845898,0.47900390625
634,5929,1.1158542264195899,0.4798828125
635,5939,1.1158542264195899,0.48085937500000003
636,5949,1.1650561507995898,0.48193359375
637,5959,1.1650561507995898,0.4828125
638,5968,1.1650561507995898,0.4837890625
639,5978,1.1650561507995898,0.484765625
640,5987,1.1650561507995898,0.48564453124999996
641,5997,1.1650561507995898,0.48662109374999996
642,6008,1.1650561507995898,0.4876953125
643,6017,1.1650561507995898,0.488671875
644,6026,1.22183371230459,0.48955078125
645,6035,1.22183371230459,0.4904296875
646,6045,1.28191905685459,0.49140625
647,6054,1.28191905685459,0.49238281250000004
648,6064,1.28191905685459,0.49335937500000004
649,6073,1.28191905685459,0.4943359375
650,6083,1.28191905685459,0.4953125
651,6093,1.28191905685459,0.49619140625
652,6102,1.28191905685459,0.49716796874999997
653,6112,1.28191905685459,0.49814453124999997
654,6123,1.34823064348959,0.49921875
655,6132,1.34823064348959,0.5001953125
656,6141,1.4185786472645898,0.50107421875
657,6150,1.4185786472645898,0.501953125
658,6159,1.4185786472645898,0.50283203125
659,6168,1.4185786472645898,0.5038085937500001
660,6178,1.4185786472645898,0.50478515625
661,6188,1.4185786472645898,0.50576171875
662,6197,1.4185786472645898,0.5066406250000001
663,6207,1.4185786472645898,0.5076171875
664,6216,1.49948252909959,0.50859375
665,6226,1.49948252909959,0.5095703125
666,6236,1.49948252909959,0.510546875
667,6245,1.5858271403545898,0.5114257812499999
668,6255,1.5858271403545898,0.51240234375
669,6264,1.5858271403545898,0.51337890625
670,6317,1.6813919639395898,0.51865234375
671,6336,1.7818140212695899,0.5205078125
672,6348,1.7818140212695899,0.52177734375
673,6359,1.7818140212695899,0.5228515625
674,6369,1.7818140212695899,0.52392578125
675,6380,1.7818140212695899,0.52490234375
676,6390,1.7818140212695899,0.5259765625
677,6399,1.7818140212695899,0.52685546875
678,6409,1.8903451974845897,0.52783203125
679,6418,1.8903451974845897,0.52880859375
680,6428,1.8903451974845897,0.52978515625
681,6438,2.0062951044245896,0.530859375
682,6448,2.0062951044245896,0.5318359375
683,6458,2.0062951044245896,0.5328125
684,6468,2.0062951044245896,0.5337890624999999
685,6478,2.0062951044245896,0.534765625
686,6487,2.0062951044245896,0.5357421875
687,6497,2.0062951044245896,0.53662109375
688,6506,2.1362047776395903,0.53759765625
689,6516,2.1362047776395903,0.53857421875
690,6525,2.1362047776395903,0.539453125
691,6535,2.2743118295895903,0.5404296875000001
692,6546,2.2743118295895903,0.5416015625
693,6557,2.2743118295895903,0.54267578125
694,6570,2.2743118295895903,0.5439453125
695,6581,2.2743118295895903,0.5451171875
696,6592,2.2743118295895903,0.54619140625
697,6603,2.42154985335459,0.547265625
698,6614,2.42154985335459,0.54833984375
699,6625,2.42154985335459,0.5494140625
700,6636,2.5771274522795897,0.5505859375000001
701,6646,2.5771274522795897,0.5515625
702,6656,2.5771274522795897,0.5525390625
703,6666,2.5771274522795897,0.553515625
704,6676,2.5771274522795897,0.5544921875
705,6686,2.5771274522795897,0.55556640625
706,6696,2.74580771626959,0.55654296875
707,6705,2.74580771626959,0.5575195312500001
708,6715,2.74580771626959,0.55849609375
709,6726,2.74580771626959,0.55947265625
710,6735,2.92610984117459,0.56044921875
711,6745,2.92610984117459,0.5615234375
712,6756,2.92610984117459,0.5625
713,6767,2.92610984117459,0.56357421875
714,6776,2.92610984117459,0.5646484375
715,6787,2.92610984117459,0.565625
716,6796,3.1170472780045904,0.5666015625
717,6806,3.1170472780045904,0.5675781249999999
718,6816,3.1170472780045904,0.5685546875
719,6827,3.31586828076959,0.56962890625
720,6837,3.31586828076959,0.57060546875
721,6846,3.31586828076959,0.57158203125
722,6856,3.31586828076959,0.5725585937500001
723,6866,3.31586828076959,0.5736328125
724,6876,3.31586828076959,0.5746093750000001
725,6887,3.5156974071545903,0.57568359375
726,6896,3.5156974071545903,0.5765625
727,6906,3.5156974071545903,0.57763671875
728,6916,3.5156974071545903,0.578515625
729,6925,3.7250183900745903,0.5794921875000001
730,6935,3.7250183900745903,0.58046875
731,6945,3.7250183900745903,0.58154296875
732,6956,3.7250183900745903,0.5826171874999999
733,6965,3.7250183900745903,0.58349609375
734,6975,3.7250183900745903,0.58447265625
735,6986,3.9428682164995896,0.585546875
736,6995,3.9428682164995896,0.5865234375
737,7006,3.9428682164995896,0.5874999999999999
738,7015,3.9428682164995896,0.5884765625
739,7025,4.172754725134589,0.589453125
740,7035,4.172754725134589,0.5904296875
741,7044,4.172754725134589,0.59140625
742,7055,4.172754725134589,0.59248046875
743,7064,4.172754725134589,0.593359375
744,7075,4.172754725134589,0.5944335937499999
745,7085,4.40432993889959,0.59541015625
746,7146,4.644267283119589,0.6014648437500001
747,7157,4.644267283119589,0.602734375
748,7166,4.644267283119589,0.60361328125
749,7177,4.8853922126545894,0.6046875
750,7188,4.8853922126545894,0.60576171875
751,7198,4.8853922126545894,0.6067382812500001
752,7208,4.8853922126545894,0.6078125
753,7219,5.139548218709589,0.60888671875
754,7230,5.139548218709589,0.6099609375
755,7240,5.139548218709589,0.6109375
756,7251,5.139548218709589,0.61201171875
757,7261,5.139548218709589,0.6130859375
758,7271,5.139548218709589,0.6140625000000001
759,7281,5.39670800165959,0.6150390625
760,7290,5.39670800165959,0.616015625
761,7301,5.39670800165959,0.61708984375
762,7312,5.39670800165959,0.6181640625
763,7322,5.661326722599589,0.6192382812499999
764,7332,5.661326722599589,0.62021484375
765,7341,5.661326722599589,0.62109375
766,7351,5.661326722599589,0.6220703125
767,7362,5.661326722599589,0.62314453125
768,7372,5.91524933038459,0.6241210937499999
769,7382,5.91524933038459,0.62509765625
770,7391,5.91524933038459,0.62607421875
771,7402,5.91524933038459,0.6271484375
772,7411,5.91524933038459,0.6281249999999999
773,7422,6.175095154769589,0.6291015625
774,7432,6.175095154769589,0.63017578125
775,7443,6.175095154769589,0.63125
776,7453,6.175095154769589,0.6322265625
777,7462,6.175095154769589,0.6332031250000001
778,7473,6.4319950614945895,0.63427734375
779,7483,6.4319950614945895,0.63525390625
780,7492,6.4319950614945895,0.63623046875
781,7503,6.4319950614945895,0.63720703125
782,7512,6.699388083719589,0.63818359375
783,7524,6.699388083719589,0.6392578124999999
784,7534,6.699388083719589,0.6403320312499999
785,7544,6.699388083719589,0.64130859375
786,7555,6.699388083719589,0.6423828125
787,7565,6.95962029011459,0.64345703125
788,7576,6.95962029011459,0.64453125
789,7586,6.95962029011459,0.6455078125
790,7596,6.95962029011459,0.646484375
791,7606,6.95962029011459,0.64755859375
792,7616,7.223227945439589,0.6485351562499999
793,7626,7.223227945439589,0.64951171875
794,7636,7.223227945439589,0.6505859375
795,7647,7.223227945439589,0.6516601562500001
796,7657,7.223227945439589,0.65263671875
797,7668,7.474528255014589,0.6537109375
798,7678,7.474528255014589,0.65478515625
799,7688,7.474528255014589,0.65576171875
800,7698,7.474528255014589,0.65673828125
801,7709,7.725523577774588,0.6578125
802,7719,7.725523577774588,0.6587890624999999
803,7729,7.725523577774588,0.6598632812499999
804,7740,7.725523577774588,0.6609375000000001
805,7751,7.725523577774588,0.6620117187500001
806,7760,7.95570820856959,0.66298828125
807,7771,7.95570820856959,0.6640625
808,7782,7.95570820856959,0.66513671875
809,7791,7.95570820856959,0.6661132812499999
810,7802,7.95570820856959,0.66708984375
811,7812,8.177863154344589,0.6680664062499999
812,7865,8.38092847522959,0.6734374999999999
813,7882,8.38092847522959,0.67509765625
814,7893,8.38092847522959,0.676171875
815,7904,8.588236152904589,0.67734375
816,7915,8.588236152904589,0.67841796875
817,7926,8.588236152904589,0.6795898437500001
818,7938,8.588236152904589,0.6807617187499999
819,7950,8.792246834849589,0.68193359375
820,7960,8.792246834849589,0.6829101562500001
821,7970,8.792246834849589,0.6839843750000001
822,7980,8.792246834849589,0.6849609375
823,7990,8.792246834849589,0.68603515625
824,8001,9.01108026826959,0.687109375
825,8012,9.01108026826959,0.68818359375
826,8022,9.01108026826959,0.6891601562499999
827,8032,9.01108026826959,0.69013671875
828,8042,9.01108026826959,0.6911132812499999
829,8052,9.22975189196459,0.6921875
830,8062,9.22975189196459,0.6931640625000001
831,8072,9.22975189196459,0.694140625
832,8082,9.22975189196459,0.6951171875000001
833,8092,9.22975189196459,0.6961914062500001
834,8102,9.46395332659959,0.69716796875
835,8112,9.46395332659959,0.6982421875
836,8123,9.46395332659959,0.69921875
837,8133,9.46395332659959,0.7002929687499999
838,8143,9.707509324669589,0.701171875
839,8153,9.707509324669589,0.7022460937499999
840,8162,9.707509324669589,0.70322265625
841,8173,9.707509324669589,0.704296875
842,8183,9.707509324669589,0.7052734375
843,8192,9.707509324669589,0.7062499999999999
844,8203,9.974008961079589,0.7072265625
845,8213,9.974008961079589,0.7082031249999999
846,8223,9.974008961079589,0.70927734375
847,8233,9.974008961079589,0.7102539062500001
848,8243,10.241815823934589,0.71123046875
849,8253,10.241815823934589,0.7122070312500001
850,8264,10.241815823934589,0.71337890625
851,8274,10.241815823934589,0.71435546875
852,8285,10.241815823934589,0.7154296875
853,8295,10.51183997035459,0.71640625
854,8306,10.51183997035459,0.71748046875
855,8316,10.51183997035459,0.7185546875
856,8326,10.51183997035459,0.71962890625
857,8337,10.762369477239588,0.720703125
858,8352,10.762369477239588,0.7220703125
859,8362,10.762369477239588,0.72314453125
860,8372,10.762369477239588,0.7242187499999999
861,8384,10.762369477239588,0.7252929687499999
862,8394,11.00149875349959,0.7263671875
863,8405,11.00149875349959,0.7275390625
864,8416,11.00149875349959,0.728515625
865,8426,11.00149875349959,0.7294921875
866,8436,11.221706098584589,0.73056640625
867,8446,11.221706098584589,0.7315429687499999
868,8456,11.221706098584589,0.7326171874999999
869,8467,11.221706098584589,0.73369140625
870,8478,11.221706098584589,0.734765625
871,8489,11.43562541968959,0.73583984375
872,8500,11.43562541968959,0.73701171875
873,8511,11.43562541968959,0.7380859375
874,8521,11.43562541968959,0.7390625000000001
875,8531,11.63216245366959,0.7400390625
876,8542,11.63216245366959,0.74111328125
877,8552,11.63216245366959,0.74208984375
878,8564,11.63216245366959,0.74326171875
879,8575,11.63216245366959,0.7444335937500001
880,8586,11.63216245366959,0.7455078125000001
881,8596,11.81581943353959,0.746484375
882,8606,11.81581943353959,0.74755859375
883,8662,11.98113895857459,0.753125
884,8681,11.98113895857459,0.75498046875
885,8693,12.14266134872959,0.75625
886,8704,12.14266134872959,0.757421875
887,8716,12.296754220844589,0.7585937500000001
888,8728,12.296754220844589,0.7596679687500001
889,8739,12.296754220844589,0.7608398437499999
890,8751,12.296754220844589,0.76201171875
891,8762,12.296754220844589,0.76318359375
892,8774,12.296754220844589,0.7643554687499999
893,8786,12.453035937239589,0.76552734375
894,8797,12.453035937239589,0.7666015625
895,8808,12.453035937239589,0.76767578125
896,8819,12.60100651775959,0.7688476562500001
897,8829,12.60100651775959,0.7699218750000001
898,8840,12.60100651775959,0.77099609375
899,8851,12.60100651775959,0.7720703125
900,8861,12.60100651775959,0.7730468749999999
901,8872,12.60100651775959,0.7741210937499999
902,8882,12.751078663374589,0.7751953125
903,8893,12.751078663374589,0.77626953125
904,8904,12.751078663374589,0.77734375
905,8914,12.899295390809588,0.7783203125
906,8925,12.899295390809588,0.7794921874999999
907,8937,12.899295390809588,0.7806640625
908,8948,12.899295390809588,0.7818359375
909,8959,12.899295390809588,0.78291015625
910,8970,12.899295390809588,0.7838867187499999
911,8980,13.062618281904587,0.7849609375
912,8990,13.062618281904587,0.78603515625
913,9001,13.062618281904587,0.7870117187500001
914,9012,13.22575484664959,0.7881835937499999
915,9022,13.22575484664959,0.78916015625
916,9032,13.22575484664959,0.7901367187499999
917,9043,13.22575484664959,0.7912109374999999
918,9054,13.22575484664959,0.79228515625
919,9064,13.22575484664959,0.793359375
920,9074,13.22575484664959,0.79443359375
921,9085,13.396553347039589,0.7955078124999999
922,9096,13.396553347039589,0.796484375
923,9107,13.56322422844459,0.79755859375
924,9118,13.56322422844459,0.7987304687500001
925,9128,13.56322422844459,0.7998046875
926,9139,13.56322422844459,0.80087890625
927,9151,13.56322422844459,0.80205078125
928,9161,13.56322422844459,0.803125
929,9173,13.56322422844459,0.80419921875
930,9184,13.740766762039588,0.80537109375
931,9213,13.91737079922959,0.8083007812499999
932,9225,13.91737079922959,0.809375
933,9235,13.91737079922959,0.810546875
934,9246,13.91737079922959,0.8115234375
935,9257,13.91737079922959,0.8126953125
936,9268,13.91737079922959,0.8136718749999999
937,9279,14.10208591663459,0.81484375
938,9291,14.10208591663459,0.8161132812499999
939,9304,14.27940976193459,0.81728515625
940,9314,14.27940976193459,0.818359375
941,9325,14.27940976193459,0.8194335937499999
942,9336,14.27940976193459,0.8205078124999999
943,9347,14.27940976193459,0.82158203125
944,9401,14.61810497497959,0.82705078125
945,9425,14.61810497497959,0.8294921875
946,9437,14.61810497497959,0.8306640625
947,9448,14.61810497497959,0.83173828125
948,9458,14.61810497497959,0.8328125
949,9470,14.788076774774588,0.833984375
950,9481,14.788076774774588,0.8349609375
951,9492,14.95256959921459,0.8361328125
952,9502,14.95256959921459,0.8372070312500001
953,9513,14.95256959921459,0.8382812500000001
954,9524,14.95256959921459,0.83935546875
955,9536,14.95256959921459,0.8405273437499999
956,9546,14.95256959921459,0.8416015625000001
957,9559,14.95256959921459,0.8427734375
958,9571,15.113733065979588,0.8440429687500001
959,9584,15.267043367424588,0.8453125
960,9595,15.267043367424588,0.84638671875
961,9607,15.267043367424588,0.84765625
962,9619,15.267043367424588,0.848828125
963,9630,15.267043367424588,0.84990234375
964,9641,15.267043367424588,0.85107421875
965,9653,15.267043367424588,0.8522460937499999
966,9664,15.423334890469588,0.8533203125
967,9674,15.423334890469588,0.85439453125
968,9685,15.57674718107459,0.85546875
969,9695,15.57674718107459,0.8564453125
970,9706,15.57674718107459,0.85751953125
971,9716,15.57674718107459,0.85859375
972,9727,15.57674718107459,0.8595703124999999
973,9738,15.57674718107459,0.8607421875
974,9749,15.57674718107459,0.86181640625
975,9761,15.57674718107459,0.86298828125
976,9772,15.737267331599591,0.86416015625
977,9783,15.891765218359588,0.865234375
978,9794,15.891765218359588,0.8663085937499999
979,9805,15.891765218359588,0.8673828124999999
980,9816,15.891765218359588,0.8685546875
981,9827,15.891765218359588,0.86962890625
982,9838,15.891765218359588,0.8707031249999999
983,9848,15.891765218359588,0.8717773437499999
984,9860,16.03925331169959,0.87294921875
985,9871,16.03925331169959,0.8740234375
986,9882,16.180385715174587,0.87509765625
987,9893,16.180385715174587,0.8762695312500001
988,9904,16.180385715174587,0.8773437500000001
989,9915,16.180385715174587,0.87841796875
990,9926,16.180385715174587,0.8794921875
991,9937,16.180385715174587,0.8806640625000001
992,9948,16.180385715174587,0.8817382812500001
993,9959,16.32819448596959,0.8828125
994,9970,16.472708222364588,0.8839843749999999
995,9981,16.472708222364588,0.88505859375
996,9991,16.472708222364588,0.8860351562500001
997,10004,16.472708222364588,0.8873046875
998,10014,16.472708222364588,0.88837890625
999,10026,16.472708222364588,0.8895507812500001
1000,10037,16.472708222364588,0.890625
1001,10047,16.472708222364588,0.89169921875
1002,10061,16.616236390434587,0.89306640625
1003,10072,16.752917555474585,0.8942382812499999
1004,10084,16.752917555474585,0.8953125000000001
1005,10094,16.752917555474585,0.8963867187500001
1006,10105,16.752917555474585,0.8974609375
1007,10162,17.022216009794587,0.9031250000000001
1008,10182,17.022216009794587,0.90517578125
1009,10193,17.022216009794587,0.90625
1010,10205,17.022216009794587,0.907421875
1011,10216,17.022216009794587,0.90849609375
1012,10228,17.022216009794587,0.90966796875
1013,10239,17.022216009794587,0.9108398437499999
1014,10250,17.022216009794587,0.9119140625
1015,10261,17.310097085199587,0.91298828125
1016,10272,17.310097085199587,0.91416015625
1017,10283,17.310097085199587,0.915234375
1018,10294,17.310097085199587,0.91630859375
1019,10305,17.310097085199587,0.91748046875
1020,10316,17.310097085199587,0.91845703125
1021,10327,17.310097085199587,0.91962890625
1022,10338,17.310097085199587,0.920703125
1023,10349,17.441088431909584,0.92177734375
1024,10360,17.565956506359587,0.92294921875
1025,10371,17.565956506359587,0.9240234375
1026,10382,17.565956506359587,0.9250976562500001
1027,10393,17.565956506359587,0.92626953125
1028,10405,17.565956506359587,0.92744140625
1029,10417,17.565956506359587,0.9286132812500001
1030,10428,17.565956506359587,0.9296875
1031,10439,17.565956506359587,0.9308593749999999
1032,10450,17.771253820784587,0.9319335937500001
1033,10461,17.771253820784587,0.9330078125000001
1034,10472,17.771253820784587,0.9341796874999999
1035,10483,17.771253820784587,0.9352539062499999
1036,10494,17.771253820784587,0.936328125
1037,10505,17.771253820784587,0.9375
1038,10517,17.771253820784587,0.93857421875
1039,10528,17.771253820784587,0.9397460937500001
1040,10540,17.771253820784587,0.94091796875
1041,10552,17.569658516734584,0.94208984375
1042,10563,17.569658516734584,0.9432617187500001
1043,10576,17.569658516734584,0.94453125
1044,10588,17.569658516734584,0.9457031250000001
1045,10599,17.569658516734584,0.9468749999999999
1046,10611,17.569658516734584,0.948046875
1047,10623,17.569658516734584,0.94921875
1048,10634,17.569658516734584,0.95029296875
1049,10645,15.977150739244589,0.9514648437500001
1050,10656,15.977150739244589,0.9525390625000001
1051,10667,15.977150739244589,0.95361328125
1052,10678,15.977150739244589,0.9546875
1053,10690,15.977150739244589,0.955859375
1054,10701,15.977150739244589,0.95703125
1055,10712,15.977150739244589,0.95810546875
1056,10724,15.977150739244589,0.9592773437500001
1057,10735,15.977150739244589,0.96044921875
1058,10746,12.76080980216959,0.9615234374999999
1059,10757,12.76080980216959,0.9625976562499999
1060,10770,12.76080980216959,0.9639648437499999
1061,10782,12.76080980216959,0.96513671875
1062,10794,12.76080980216959,0.96630859375
1063,10806,12.76080980216959,0.967578125
1064,10818,12.76080980216959,0.96875
1065,10829,12.76080980216959,0.96982421875
1066,10842,8.543067703669589,0.97119140625
1067,10854,8.543067703669589,0.9723632812499999
1068,10866,8.543067703669589,0.97353515625
1069,10878,8.543067703669589,0.97470703125
1070,10890,8.543067703669589,0.9758789062500001
1071,10902,8.543067703669589,0.9771484375
1072,10913,8.543067703669589,0.97822265625
1073,10979,4.5106477542095895,0.98486328125
1074,10991,4.5106477542095895,0.98603515625
1075,11003,4.5106477542095895,0.9872070312500001
1076,11014,4.5106477542095895,0.9883789062499999
1077,11040,1.7919972466295897,0.9910156250000001
1078,11052,1.7919972466295897,0.9920898437500001
1079,11063,1.7919972466295897,0.9932617187499999
1080,11075,1.7919972466295897,0.99443359375
1081,11086,1.7919972466295897,0.99560546875
1082,11097,1.7919972466295897,0.99658203125
1083,11108,1.7919972466295897,0.99775390625
1084,11120,1.7919972466295897,0.9989257812500001
1085,11131,0.65213697451959,1.00009765625
1086,11143,0.65213697451959,1.00126953125
1087,11155,0.65213697451959,1.00244140625
1088,11167,0.65213697451959,1.00361328125
1089,11178,0.65213697451959,1.00478515625
1090,11190,0.65213697451959,1.005859375
1091,11202,0.65213697451959,1.00712890625
1092,11213,0.65213697451959,1.0082031249999999
1093,11225,0.57846941971959,1.009375
1094,11237,0.49753513726959,1.0106445312499999
1095,11248,0.49753513726959,1.01171875
1096,11259,0.49753513726959,1.01279296875
1097,11271,0.49753513726959,1.01396484375
1098,11283,0.49753513726959,1.015234375
1099,11294,0.49753513726959,1.0163085937499998
1100,11306,0.49753513726959,1.01748046875
1101,11318,0.49765870105959,1.0187499999999998
1102,11329,0.49788131201459,1.019921875
1103,11341,0.49788131201459,1.02099609375
1104,11353,0.49788131201459,1.0222656250000002
1105,11364,0.49788131201459,1.02333984375
1106,11375,0.49788131201459,1.02451171875
1107,11387,0.49788131201459,1.0255859375
1108,11398,0.49788131201459,1.0267578125
1109,11409,0.49788131201459,1.02783203125
1110,11421,0.49805587038459,1.0291015625
1111,11434,0.49828240399958995,1.0303710937500001
1112,11446,0.49828240399958995,1.03154296875
1113,11458,0.49828240399958995,1.03271484375
1114,11470,0.49828240399958995,1.03388671875
1115,11482,0.49828240399958995,1.0350585937499999
1116,11494,0.49828240399958995,1.03623046875
1117,11505,0.49828240399958995,1.03740234375
1118,11517,0.49841773576959,1.03857421875
1119,11529,0.49863936605959003,1.03984375
1120,11541,0.49863936605959003,1.041015625
1121,11553,0.49863936605959003,1.0421875
1122,11567,0.49863936605959003,1.04365234375
1123,11583,0.49863936605959003,1.0451171875
1124,11596,0.49863936605959003,1.04658203125
1125,11608,0.49884236371459,1.04775390625
1126,11621,0.49897475348959003,1.0490234375
1127,11633,0.49897475348959003,1.05029296875
1128,11646,0.49897475348959003,1.0515625000000002
1129,11661,0.49897475348959003,1.05302734375
1130,11675,0.49897475348959003,1.0544921875
1131,11688,0.49897475348959003,1.05576171875
1132,11701,0.49897475348959003,1.0570312499999999
1133,11712,0.49912087257459,1.05810546875
1134,11724,0.4991924611195899,1.05927734375
1135,11736,0.4991924611195899,1.060546875
1136,11748,0.4991924611195899,1.06171875
1137,11759,0.4991924611195899,1.062890625
1138,11771,0.4991924611195899,1.06396484375
1139,11783,0.4991924611195899,1.065234375
1140,11794,0.4991924611195899,1.06640625
1141,11806,0.49933269621459,1.0675781249999998
1142,11868,0.49951706123459,1.0735351562500002
1143,11885,0.49951706123459,1.075390625
1144,11897,0.49968083228959004,1.07666015625
1145,11909,0.49968083228959004,1.07783203125
1146,11921,0.49990246257959003,1.0791015625
1147,11935,0.49990246257959003,1.08037109375
1148,11946,0.49990246257959003,1.08154296875
1149,11958,0.49990246257959003,1.0828125
1150,11969,0.49990246257959003,1.0838867187499999
1151,11981,0.49990246257959003,1.0849609375
1152,11993,0.50001523905459,1.08623046875
1153,12005,0.50001523905459,1.08740234375
1154,12017,0.50028884458959,1.08857421875
1155,12028,0.50028884458959,1.08974609375
1156,12040,0.50028884458959,1.09091796875
1157,12052,0.50028884458959,1.09208984375
1158,12064,0.50028884458959,1.093359375
1159,12077,0.50028884458959,1.09462890625
1160,12089,0.50037318177959,1.09580078125
1161,12101,0.50037318177959,1.0970703125
1162,12112,0.5006055993845899,1.09814453125
1163,12125,0.5006055993845899,1.0994140625
1164,12137,0.5006055993845899,1.10068359375
1165,12149,0.5006055993845899,1.1017578124999998
1166,12161,0.5006055993845899,1.103125
1167,12174,0.5006055993845899,1.104296875
1168,12186,0.50058794741459,1.10546875
1169,12198,0.50058794741459,1.10673828125
1170,12209,0.50067228460459,1.1078125
1171,12221,0.50067228460459,1.108984375
1172,12233,0.50067228460459,1.11025390625
1173,12245,0.50067228460459,1.11142578125
1174,12257,0.50067228460459,1.1126953125
1175,12269,0.50067228460459,1.1138671875
1176,12281,0.5006055993845899,1.1150390625000002
1177,12293,0.5006055993845899,1.1162109375
1178,12305,0.5006055993845899,1.1173828125
1179,12317,0.50063403866959,1.11865234375
1180,12329,0.50063403866959,1.11982421875
1181,12340,0.50063403866959,1.1208984375
1182,12352,0.50063403866959,1.1220703125
1183,12363,0.50063403866959,1.12333984375
1184,12376,0.50058892807959,1.12451171875
1185,12388,0.50058892807959,1.12568359375
1186,12400,0.50058892807959,1.126953125
1187,12412,0.50061736736459,1.128125
1188,12424,0.50061736736459,1.129296875
1189,12436,0.50061736736459,1.1304687500000001
1190,12448,0.50061736736459,1.13173828125
1191,12461,0.50061736736459,1.1330078125
1192,12473,0.5006114833745899,1.13427734375
1193,12485,0.5006114833745899,1.13544921875
1194,12497,0.5006114833745899,1.13662109375
1195,12509,0.50073014383959,1.1377929687500001
1196,12522,0.50073014383959,1.13916015625
1197,12534,0.50073014383959,1.14033203125
1198,12546,0.50073014383959,1.14150390625
1199,12558,0.50073014383959,1.1427734375
1200,12656,0.50100080737959,1.1525390625
1201,12669,0.50109102855959,1.15380859375
1202,12681,0.50109102855959,1.15498046875
1203,12693,0.50109102855959,1.15625
1204,12705,0.50119988237459,1.157421875
1205,12717,0.50119988237459,1.15869140625
1206,12729,0.50119988237459,1.15986328125
1207,12741,0.50119988237459,1.16103515625
1208,12753,0.50119988237459,1.1622070312500001
1209,12765,0.50123322498459,1.16337890625
1210,12777,0.50123322498459,1.1646484375000001
1211,12844,0.5012430316345899,1.17109375
1212,12857,0.50133325281459,1.17265625
1213,12872,0.50133325281459,1.17412109375
1214,12885,0.50133325281459,1.17548828125
1215,12897,0.5013136395145901,1.1766601562499999
1216,12910,0.5013136395145901,1.1779296875
1217,12922,0.5013136395145901,1.17919921875
1218,12936,0.5013136395145901,1.18046875
1219,12948,0.5013136395145901,1.1817382812500001
1220,12961,0.50136463409459,1.18310546875
1221,12974,0.50136463409459,1.18427734375
1222,12986,0.50136463409459,1.185546875
1223,12998,0.50131265884959,1.18671875
1224,13010,0.50131265884959,1.187890625
1225,13022,0.50131265884959,1.18916015625
1226,13035,0.50131265884959,1.1904296875
1227,13047,0.50131265884959,1.19169921875
1228,13061,0.5013352141445899,1.19296875
1229,13074,0.5013352141445899,1.1943359375
1230,13086,0.5013352141445899,1.1956054687500002
1231,13098,0.5013352141445899,1.1966796875
1232,13110,0.5013352141445899,1.19794921875
1233,13122,0.5013352141445899,1.19912109375
1234,13133,0.5013352141445899,1.20029296875
1235,13145,0.5013352141445899,1.20146484375
1236,13157,0.50144799061959,1.20263671875
1237,13169,0.50144799061959,1.20380859375
1238,13181,0.50144799061959,1.20498046875
1239,13193,0.50144799061959,1.20625
1240,13205,0.50144799061959,1.207421875
1241,13216,0.50144799061959,1.20849609375
1242,13228,0.50144799061959,1.209765625
1243,13241,0.50144799061959,1.2109375
1244,13252,0.5015548831045901,1.212109375
1245,13264,0.5015548831045901,1.2132812499999999
1246,13276,0.5015548831045901,1.21455078125
1247,13289,0.50164510428459,1.2158203125
1248,13302,0.50164510428459,1.21708984375
1249,13314,0.50164510428459,1.2183593750000001
1250,13326,0.50164510428459,1.21953125
1251,13338,0.50164510428459,1.220703125
1252,13350,0.50174611277959,1.221875
1253,13362,0.50174611277959,1.22314453125
1254,13374,0.50174611277959,1.22431640625
1255,13386,0.50184025661959,1.2254882812499999
1256,13398,0.50184025661959,1.2267578125
1257,13410,0.50184025661959,1.2279296874999999
1258,13422,0.50184025661959,1.22919921875
1259,13435,0.50185692792459,1.2303710937499999
1260,13448,0.50185692792459,1.23173828125
1261,13461,0.50185692792459,1.2330078125000001
1262,13473,0.50185692792459,1.2341796875
1263,13486,0.5019657817395901,1.235546875
1264,13499,0.5019657817395901,1.23671875
1265,13511,0.5019657817395901,1.23798828125
1266,13524,0.5019657817395901,1.23935546875
1267,13537,0.50191576782459,1.240625
1268,13549,0.50191576782459,1.24189453125
1269,13563,0.50191576782459,1.2431640625
1270,13575,0.50191576782459,1.2444335937500002
1271,13588,0.50204325427459,1.245703125
1272,13600,0.50204325427459,1.24697265625
1273,13614,0.50204325427459,1.24833984375
1274,13627,0.50189125119959,1.249609375
1275,13640,0.50189125119959,1.25087890625
1276,13651,0.50189125119959,1.2520507812500001
1277,13664,0.50189125119959,1.2533203125
1278,13677,0.50189125119959,1.25458984375
1279,13692,0.50189125119959,1.25615234375
1280,13706,0.50189125119959,1.25751953125
1281,13764,0.50173924812459,1.2632812500000001
1282,13787,0.5018294693045899,1.26552734375
1283,13803,0.5018294693045899,1.2671875
1284,13818,0.5018294693045899,1.2687499999999998
1285,13836,0.50187457989459,1.2705078125
1286,13850,0.50187457989459,1.271875
1287,13864,0.50187457989459,1.2733398437499999
1288,13878,0.50191674848959,1.27470703125
1289,13892,0.50191674848959,1.2760742187499998
1290,13906,0.50191674848959,1.2775390624999998
1291,13920,0.50198931769959,1.2789062500000001
1292,13934,0.50198931769959,1.2803710937500001
1293,13949,0.50198931769959,1.2818359375
1294,13963,0.50198931769959,1.283203125
1295,13978,0.50212170747459,1.28466796875
1296,13992,0.50212170747459,1.2861328125
1297,14005,0.50212170747459,1.2874023437500002
1298,14019,0.5021834893695899,1.2888671875
1299,14032,0.5021834893695899,1.2901367187500001
1300,14046,0.5021834893695899,1.29150390625
1301,14059,0.5021834893695899,1.2927734375
1302,14074,0.50231587914459,1.2943359374999999
1303,14089,0.50231587914459,1.29580078125
1304,14103,0.50231587914459,1.297265625
1305,14117,0.5023384344395899,1.29853515625
1306,14129,0.5023384344395899,1.2998046875
1307,14143,0.5023384344395899,1.30126953125
1308,14158,0.5023384344395899,1.302734375
1309,14172,0.5023384344395899,1.30419921875
1310,14187,0.5023384344395899,1.30556640625
1311,14199,0.5023384344395899,1.3068359374999998
1312,14212,0.50235510574459,1.30810546875
1313,14226,0.50235510574459,1.3095703125
1314,14240,0.50235510574459,1.3109375
1315,14255,0.50235510574459,1.3124023437499999
1316,14269,0.50244042359959,1.3138671874999999
1317,14283,0.50244042359959,1.3152343750000002
1318,14304,0.50248553418959,1.3172851562499999
1319,14319,0.50248553418959,1.31884765625
1320,14332,0.50248553418959,1.3201171875000002
1321,14347,0.50248553418959,1.3215820312500002
1322,14361,0.50252279945959,1.323046875
1323,14375,0.50252279945959,1.3244140625
1324,14390,0.50252279945959,1.32587890625
1325,14403,0.50256791004959,1.32724609375
1326,14417,0.50256791004959,1.32861328125
1327,14429,0.50256791004959,1.3298828125000002
1328,14442,0.50256791004959,1.33115234375
1329,14455,0.50256791004959,1.332421875
1330,14469,0.50260125265959,1.3337890625000002
1331,14483,0.50260125265959,1.33525390625
1332,14496,0.50262969194459,1.3365234375000001
1333,14509,0.50262969194459,1.33779296875
1334,14523,0.50262969194459,1.3392578124999999
1335,14536,0.50262969194459,1.34052734375
1336,14553,0.50262969194459,1.3421875
1337,14566,0.5026953964995899,1.3435546875000002
1338,14580,0.5026953964995899,1.344921875
1339,14593,0.5026846091845899,1.34619140625
1340,14607,0.5026846091845899,1.34765625
1341,14620,0.5026846091845899,1.34892578125
1342,14632,0.5026846091845899,1.35009765625
1343,14645,0.5026846091845899,1.3514648437499999
1344,14659,0.5026561698995899,1.352734375
1345,14672,0.5026561698995899,1.3541015625
1346,14686,0.5026561698995899,1.35546875
1347,14698,0.50262184662459,1.3567382812500002
1348,14770,0.50255614206959,1.36318359375
1349,14786,0.5026179239645899,1.3655273437500002
1350,14800,0.5026179239645899,1.3669921875
1351,14814,0.5026179239645899,1.368359375
1352,14828,0.5026179239645899,1.3697265625
1353,14841,0.5026179239645899,1.3709960937499999
1354,14854,0.50255614206959,1.372265625
1355,14867,0.50255614206959,1.3736328125
1356,14880,0.5025728133745899,1.3749023437499999
1357,14892,0.5025728133745899,1.37607421875
1358,14905,0.5025728133745899,1.37744140625
1359,14918,0.5025728133745899,1.3787109375000002
1360,14930,0.5025728133745899,1.37998046875
1361,14943,0.5025728133745899,1.38125
1362,14956,0.50257771669959,1.3825195312499998
1363,14971,0.50257771669959,1.383984375
1364,14984,0.50267970585959,1.3853515625000001
1365,14997,0.50267970585959,1.38662109375
1366,15011,0.50267970585959,1.38798828125
1367,15024,0.50267970585959,1.38935546875
1368,15040,0.50267970585959,1.3909179687500002
1369,15055,0.50271304846959,1.3923828125000002
1370,15069,0.50271304846959,1.39384765625
1371,15083,0.50284249624959,1.3951171875000001
1372,15096,0.50284249624959,1.396484375
1373,15108,0.50284249624959,1.39775390625
1374,15120,0.50284249624959,1.398828125
1375,15130,0.50284249624959,1.39990234375
1376,15140,0.50284249624959,1.40087890625
1377,15151,0.50284249624959,1.4020507812499998
1378,15162,0.50284249624959,1.4031250000000002
1379,15173,0.50283661225959,1.4041992187499999
1380,15184,0.50283661225959,1.4052734375
1381,15195,0.50283661225959,1.4064453125
1382,15206,0.50283661225959,1.40751953125
1383,15217,0.50283661225959,1.40859375
1384,15228,0.50283661225959,1.40966796875
1385,15239,0.50283661225959,1.41083984375
1386,15251,0.50289349082959,1.41201171875
1387,15261,0.50289349082959,1.4130859375
1388,15272,0.50289349082959,1.41416015625
1389,15283,0.50289349082959,1.4152343749999998
1390,15293,0.50289349082959,1.4162109375
1391,15304,0.50289349082959,1.41728515625
1392,15315,0.50289349082959,1.41845703125
1393,15326,0.50289349082959,1.4195312500000001
1394,15337,0.50289349082959,1.42060546875
1395,15348,0.50291702678959,1.4216796875000002
1396,15359,0.50291702678959,1.4228515625
1397,15370,0.5027934629995899,1.42392578125
1398,15381,0.5027934629995899,1.4249999999999998
1399,15392,0.5027934629995899,1.4261718749999999
1400,15403,0.5027934629995899,1.42724609375
1401,15415,0.5027934629995899,1.42841796875
1402,15426,0.5027934629995899,1.4294921875
1403,15436,0.5027934629995899,1.43056640625
1404,15447,0.50279836632459,1.431640625
1405,15460,0.5026630345545899,1.43291015625
1406,15473,0.5026630345545899,1.4341796875000001
1407,15485,0.5026630345545899,1.43544921875
1408,15498,0.5026630345545899,1.43671875
1409,15511,0.5026630345545899,1.437890625
