,OD,delta_OD,mean_Temperature (C),mean_pH,mean_Dissolved Oxygen (mg/L),mean_Light Intensity (μmol photons m² s⁻¹),std_Temperature (C),std_pH,std_Dissolved Oxygen (mg/L),std_Light Intensity (μmol photons m² s⁻¹),min_Temperature (C),min_pH,min_Dissolved Oxygen (mg/L),min_Light Intensity (μmol photons m² s⁻¹),max_Temperature (C),max_pH,max_Dissolved Oxygen (mg/L),max_Light Intensity (μmol photons m² s⁻¹),median_Temperature (C),median_pH,median_Dissolved Oxygen (mg/L),median_Light Intensity (μmol photons m² s⁻¹),slope_Temperature (C),slope_pH,slope_Dissolved Oxygen (mg/L),slope_Light Intensity (μmol photons m² s⁻¹),first_last_diff_Temperature (C),first_last_diff_pH,first_last_diff_Dissolved Oxygen (mg/L),first_last_diff_Light Intensity (μmol photons m² s⁻¹)
3769,0.39523901278022383,0.014435414473774888,19.84185126162019,7.094231341301461,5.688225763612217,400.0,2.6786350254467446,0.027540432559028025,0.2692487423467282,0.0,14.16,7.049,5.23,400.0,23.78,7.161,6.16,400.0,20.22,7.096,5.68,400.0,0.0024418600270837178,-2.4911329436515308e-05,0.0002470006109284628,0.0,9.620000000000001,-0.10400000000000009,0.8799999999999999,0.0
7535,0.3948322883711641,-0.0004067244090597555,25.863775889537973,7.023308550185873,6.336659585767393,400.0,1.0425792038218988,0.014519533618190982,0.10146467547334898,0.0,23.78,6.993,6.11,400.0,27.44,7.055,6.58,400.0,25.99,7.021,6.34,400.0,0.0009530036132252567,-1.3068127149612356e-05,8.592750655526378e-05,0.0,3.6499999999999986,-0.056999999999999496,0.3700000000000001,0.0
11300,0.3943679264109618,-0.00046436196020227527,28.316294820717133,6.9956183266932275,6.564077025232404,400.0,0.4356220626821886,0.003540434999201733,0.08936414546599691,0.0,27.43,6.986,6.29,400.0,28.95,7.006,6.83,400.0,28.38,6.996,6.57,400.0,0.00039738344836189624,-2.4021334183409504e-06,5.672283109271406e-05,0.0,1.5,-0.008000000000000007,0.1299999999999999,0.0
15061,0.39219782388152125,-0.002170102529440554,29.30406806700346,6.985500930603562,6.595900026588673,400.0,0.2051990202677447,0.0029061676317720542,0.07446936113154001,0.0,28.93,6.977,6.38,400.0,29.65,6.993,6.85,400.0,29.3,6.986,6.6,400.0,0.00018886030276440735,-2.2263446139449785e-06,-2.3225031023953367e-05,0.0,0.7100000000000009,-0.009999999999999787,-0.15000000000000036,0.0
15062,0.39219782388152125,0.0,29.64,6.982,6.47,400.0,,,,,29.64,6.982,6.47,400.0,29.64,6.982,6.47,400.0,29.64,6.982,6.47,400.0,,,,,,,,
18828,0.3912752036433458,-0.0009226202381754645,29.92116834838024,6.981287838555496,6.4818906001062135,400.0,0.15433278342295756,0.0015113543705642868,0.08433339725770704,0.0,29.63,6.977,6.25,400.0,30.17,6.986,6.7,400.0,29.93,6.981,6.485,400.0,0.00014149778460590602,-5.771673150577912e-07,-3.033720388679943e-05,0.0,0.509999999999998,-0.0019999999999997797,-0.05999999999999961,0.0
22596,0.39021086160836915,-0.0010643420349766286,30.33023619957537,6.979065286624205,6.380570594479829,400.0,0.09186255152858337,0.0016405030315611523,0.09084547161964483,0.0,30.15,6.973,6.1,400.0,30.48,6.983,6.6,400.0,30.34,6.979,6.39,400.0,8.407242196511666e-05,-6.531383939708381e-07,-4.977818297989707e-05,0.0,0.3100000000000023,-0.004000000000000448,-0.019999999999999574,0.0
26365,0.3915344925387143,0.0013236309303451543,30.564767842929154,6.979405943221014,6.219917750066331,400.0,0.05536843844884976,0.0016216511198543474,0.088447140316579,0.0,30.45,6.973,5.98,400.0,30.66,6.984,6.48,400.0,30.57,6.98,6.23,400.0,5.0505555231038025e-05,7.536775235942264e-07,-3.980181783273542e-05,0.0,0.17999999999999972,0.004000000000000448,-0.25,0.0
30133,0.3912752036433458,-0.00025928889536852573,30.697319532908708,6.984485403397027,6.038611995753716,400.0,0.03096418580118321,0.002319410435764768,0.08138736084544552,0.0,30.63,6.978,5.79,400.0,30.75,6.991,6.24,400.0,30.7,6.985,6.04,400.0,2.800855746696303e-05,1.5806223599783792e-06,-4.727041984817862e-05,0.0,0.08999999999999986,0.0039999999999995595,-0.07000000000000028,0.0
33899,0.3941649240785739,0.002889720435228116,30.761367498672332,6.9893664365374395,5.941627721720658,400.0,0.019199500476552535,0.0018837614301494994,0.08045673416978567,0.0,30.72,6.984,5.71,400.0,30.8,6.996,6.14,400.0,30.76,6.989,5.94,400.0,1.723482100339175e-05,1.0546332419773174e-06,-3.190105734110369e-05,0.0,0.03999999999999915,0.009999999999999787,-0.1800000000000006,0.0
37666,0.3958207091997664,0.0016557851211925212,30.795001327316168,6.995410406158747,5.849142553756305,400.0,0.011686911777460897,0.002241850295010991,0.07061472446950877,0.0,30.76,6.989,5.66,400.0,30.82,7.002,6.02,400.0,30.8,6.996,5.85,400.0,9.903252326846912e-06,1.6249692786140483e-06,-3.6764232442362425e-05,0.0,0.030000000000001137,-0.001000000000000334,-0.08000000000000007,0.0
41437,0.3975704878838655,0.0017497786840990903,30.80842747281888,6.999058074781225,5.683545478652878,400.0,0.0124863311346117,0.0018741775648371223,0.08712760383622202,0.0,30.78,6.993,5.39,400.0,30.83,7.004,5.89,400.0,30.81,6.999,5.69,400.0,1.0807220926650453e-05,1.0167210832783772e-06,-4.720470859780273e-05,0.0,0.019999999999999574,0.004999999999999893,-0.22999999999999954,0.0
45205,0.3996795708564536,0.0021090829725881055,30.831518046709128,7.003283704883227,5.5323991507431005,400.0,0.013265746490513774,0.001876723664313044,0.07508089907715347,0.0,30.8,6.996,5.32,400.0,30.86,7.009,5.74,400.0,30.83,7.003,5.53,400.0,1.1647351725441756e-05,1.125003931088408e-06,-3.3466797606211094e-05,0.0,0.030000000000001137,0.0039999999999995595,-0.0600000000000005,0.0
48973,0.40173993485186604,0.0020603639954124287,30.86791932059448,7.004557590233546,5.455050424628451,400.0,0.018587551556329726,0.0017450679804114095,0.07616747370622569,0.0,30.83,6.998,5.24,400.0,30.91,7.01,5.65,400.0,30.87,7.005,5.45,400.0,1.6646418122635202e-05,6.900760789508151e-07,-4.261711606776877e-05,0.0,0.03999999999999915,0.0,-0.10000000000000053,0.0
52742,0.4043737345421173,0.0026337996902512373,30.910098169275678,7.008130007959671,5.36508622976917,400.0,0.013548525642010138,0.0018110225217392172,0.0658361154817908,0.0,30.87,7.003,5.16,400.0,30.93,7.015,5.53,400.0,30.91,7.008,5.37,400.0,1.1112526327100989e-05,6.64019551329933e-07,8.095449852528466e-07,0.0,0.030000000000001137,0.0030000000000001137,-0.07000000000000028,0.0
56512,0.40720283055336814,0.0028290960112508645,30.93292572944297,7.012507957559682,5.332472148541114,400.0,0.013376888749821321,0.002044624300688428,0.08121549343892587,0.0,30.9,7.006,5.09,400.0,30.96,7.018,5.58,400.0,30.93,7.013,5.33,400.0,1.1703299166381309e-05,1.0417837049464247e-06,2.780575536158698e-05,0.0,0.019999999999999574,0.006000000000000227,-0.0600000000000005,0.0
60276,0.40987007206609766,0.0026672415127295124,30.91300478214665,7.016807651434644,5.289396918172158,400.0,0.045909233243753234,0.003712020523861303,0.06844876035483731,0.0,30.77,7.007,5.07,400.0,30.96,7.027,5.44,400.0,30.94,7.017,5.29,400.0,-3.456904323525744e-05,2.987652382070383e-06,-1.83537989422261e-05,0.0,-0.1700000000000017,0.009999999999999787,-0.019999999999999574,0.0
60277,0.40987007206609766,0.0,30.77,7.021,5.28,400.0,,,,,30.77,7.021,5.28,400.0,30.77,7.021,5.28,400.0,30.77,7.021,5.28,400.0,,,,,,,,
64043,0.4121909767191204,0.0023209046530227595,30.601202867764208,7.0275525756771104,5.148600637280934,400.0,0.08326385046284247,0.002465113290858659,0.0754850193284738,0.0,30.46,7.019,4.97,400.0,30.78,7.035,5.35,400.0,30.58,7.027,5.14,400.0,-7.533635633131394e-05,1.292934169758058e-06,-3.351032846191557e-05,0.0,-0.3200000000000003,0.005999999999999339,-0.16000000000000014,0.0
67807,0.4156500581605465,0.003459081441426093,30.4332120085016,7.033276036131775,5.086235387885228,400.0,0.015906206093771913,0.0019144747362054354,0.0706342614896073,0.0,30.41,7.026,4.93,400.0,30.47,7.039,5.29,400.0,30.43,7.033,5.08,400.0,3.3993531719363806e-08,3.6827248635361457e-07,-3.857864404013331e-05,0.0,-0.019999999999999574,0.004999999999999893,-0.09999999999999964,0.0
71574,0.41772656505344097,0.0020765068928944586,30.548805415449962,7.031645606583488,5.022622776745421,400.0,0.057496506092386844,0.0020777431680998565,0.1291153022537998,0.0,30.44,7.025,4.0,400.0,30.63,7.038,5.52,400.0,30.55,7.032,5.03,400.0,5.2394956103562966e-05,-8.32079805842324e-07,1.8082921096642516e-05,0.0,0.16000000000000014,-0.0039999999999995595,0.05999999999999961,0.0
75342,0.4199668623704079,0.002240297316966955,30.661693205944804,7.027888004246285,5.036926751592357,400.0,0.022814898715907334,0.001938991017829562,0.05445341451052865,0.0,30.6,7.021,4.85,400.0,30.7,7.033,5.22,400.0,30.67,7.028,5.04,400.0,1.865386233289381e-05,-8.787451087341573e-07,2.8700461784415713e-08,0.0,0.05000000000000071,-0.004999999999999893,-0.05999999999999961,0.0
78714,0.4231166228459009,0.0031497604754929798,30.846248517200475,7.022904507710557,3.1806761565836297,400.0,0.06162306771664704,0.003079450819350525,0.6055367640191277,0.0,30.64,7.015,2.78,400.0,30.94,7.033,5.33,400.0,30.86,7.023,2.95,400.0,5.030794677503849e-05,-1.8207213365094718e-06,-9.073234337505782e-05,0.0,0.28000000000000114,-0.005000000000000782,-0.6000000000000005,0.0
83529,0.4232406095662929,0.00012398672039198866,30.871136033229494,7.0214720664589825,3.3363696780893046,400.0,0.10965338552005845,0.006441420430478002,1.1522468379859991,0.0,30.54,7.012,2.78,400.0,30.96,7.042,8.95,400.0,30.93,7.019,2.98,400.0,-6.230674392156343e-05,2.1614386256174608e-06,0.00014667696667744164,0.0,-0.39000000000000057,0.014000000000000234,3.6899999999999995,0.0
87290,0.42957987580105905,0.006339266234766161,30.423525658069664,7.043937250731188,6.2266551449082685,400.0,0.05398347307671617,0.005039503288713862,0.5988677973944689,0.0,30.31,7.029,5.57,400.0,30.55,7.052,8.13,400.0,30.42,7.046,5.98,400.0,-4.938206575449533e-05,4.031074380624643e-06,-0.0004864294457885251,0.0,-0.240000000000002,0.017000000000000348,-2.4499999999999993,0.0
91051,0.43349815876481523,0.003918282963756181,30.261223078968357,7.049889922892849,5.5342701409199675,400.0,0.029268446796129645,0.0022039874452787563,0.09822686173433895,0.0,30.2,7.044,5.32,400.0,30.31,7.059,5.78,400.0,30.26,7.05,5.53,400.0,-2.6655645662066165e-05,1.222782801812021e-06,-6.996062875152e-05,0.0,-0.10999999999999943,-0.001000000000000334,-0.2599999999999998,0.0
94817,0.4364602462121796,0.00296208744736437,30.203359001593203,7.05261444503452,5.2974030801911836,400.0,0.03765647700265175,0.0015779165066709237,0.0843671891754597,0.0,30.15,7.047,5.01,400.0,30.3,7.058,5.52,400.0,30.18,7.053,5.29,400.0,2.8710688408970367e-05,6.591543416858247e-08,-5.523925963753157e-05,0.0,0.08999999999999986,0.0019999999999997797,-0.1299999999999999,0.0
98582,0.4377405020789598,0.001280255866780211,30.444459495351925,7.049044090305445,5.191649402390437,400.0,0.09291767446344232,0.0016334281157992557,0.05098669684166084,0.0,30.27,7.042,5.02,400.0,30.6,7.055,5.33,400.0,30.44,7.049,5.19,400.0,8.534914517019378e-05,-6.443420174720953e-07,-1.2663895946405359e-05,0.0,0.3099999999999987,-0.006000000000000227,-0.1800000000000006,0.0
102350,0.44118385378858566,0.0034433517096258415,30.690743099787685,7.044750265392781,5.126167728237792,400.0,0.05722249971133129,0.001637430482892065,0.05370445328427347,0.0,30.58,7.04,4.92,400.0,30.78,7.051,5.26,400.0,30.7,7.045,5.13,400.0,5.217597253677116e-05,-7.817834192936084e-07,-2.804634472598798e-05,0.0,0.1700000000000017,-0.004999999999999893,-0.040000000000000036,0.0
106123,0.44302936933039466,0.0018455155418090063,30.829724357275374,7.044372647760403,5.070296846011131,400.0,0.03560830763355019,0.0013773714004512232,0.041580861735782085,0.0,30.75,7.04,4.94,400.0,30.9,7.049,5.2,400.0,30.83,7.044,5.07,400.0,3.234812262346919e-05,-4.3629293717453777e-07,-1.0786230120199141e-05,0.0,0.10999999999999943,0.0019999999999997797,0.0,0.0
109892,0.44586141623797426,0.0028320469075795995,30.92846113027328,7.0427885380737605,5.017564340673918,400.0,0.031090728113450074,0.0015940495145299642,0.04882765916158846,0.0,30.86,7.037,4.84,400.0,30.98,7.049,5.14,400.0,30.93,7.043,5.02,400.0,2.794506739972114e-05,4.4992646940855603e-07,-2.558571820923192e-05,0.0,0.08999999999999986,0.0039999999999995595,-0.05999999999999961,0.0
113656,0.44864630986370563,0.002784893625731366,30.84385759829968,7.051507173219979,4.943055260361318,400.0,0.09480638573794023,0.004158077805256068,0.04676589318977086,0.0,30.64,7.042,4.83,400.0,30.97,7.062,5.06,400.0,30.85,7.051,4.94,400.0,-8.612204610844483e-05,3.4655612934312435e-06,-2.965091064202463e-05,0.0,-0.3100000000000023,0.009000000000000341,-0.1900000000000004,0.0
117418,0.45108543221774294,0.0024391223540373153,30.482690058479534,7.065452153110048,4.786368952684742,400.0,0.09016510691928617,0.0048444533657168625,0.047804217994746274,0.0,30.3,7.055,4.66,400.0,30.64,7.077,4.92,400.0,30.48,7.066,4.78,400.0,-8.288979641256377e-05,4.17876613767152e-06,-2.8809246841450947e-05,0.0,-0.33999999999999986,0.017999999999999794,-0.10999999999999943,0.0
121178,0.45413708246834766,0.0030516502506047205,30.181194148936168,7.079601063829787,4.760281914893617,400.0,0.06960829536432163,0.003844738659741819,0.061010165290261896,0.0,30.02,7.069,4.61,400.0,30.3,7.089,5.23,400.0,30.18,7.08,4.75,400.0,-6.398806255213045e-05,3.153554529429073e-06,-2.0097257538929064e-05,0.0,-0.28000000000000114,0.0129999999999999,0.04999999999999982,0.0
124934,0.45731090910802874,0.0031738266396810766,29.959888178913737,7.0857689030883915,4.891546858359958,400.0,0.03933858297597408,0.0022570739740412336,0.13612979702694109,0.0,29.86,7.079,4.68,400.0,30.03,7.093,5.4,400.0,29.96,7.086,4.86,400.0,-3.60325286979199e-05,1.3984707066752001e-06,8.0081237850177e-05,0.0,-0.16000000000000014,0.0,0.1299999999999999,0.0
128686,0.4601029439749994,0.0027920348669706607,29.823875266524517,7.091486407249467,4.880868869936034,400.0,0.022507758813509592,0.0028180071258751232,0.041408703765467805,0.0,29.76,7.084,4.77,400.0,29.87,7.1,5.15,400.0,29.82,7.092,4.88,400.0,-2.0427089192001257e-05,2.1358102167319946e-06,-6.723302664743591e-06,0.0,-0.10999999999999943,0.012000000000000455,0.009999999999999787,0.0
132441,0.46165810258583395,0.0015551586108345505,29.72641278295606,7.097813049267644,5.00997603195739,400.0,0.01684632495440432,0.0018107563967190972,0.11633968443505237,0.0,29.68,7.091,4.82,400.0,29.75,7.104,5.33,400.0,29.73,7.098,4.98,400.0,-1.4870929159831339e-05,5.745351016214007e-07,9.383444605565575e-05,0.0,-0.07000000000000028,0.0,0.29000000000000004,0.0
136194,0.46656274301173156,0.004904640425897611,29.64858246735944,7.100943245403676,5.515089261923794,400.0,0.008302944836082226,0.002257356563397394,0.17639075387797268,0.0,29.62,7.095,5.1,400.0,29.68,7.109,5.84,400.0,29.65,7.101,5.53,400.0,-6.615736522018763e-06,1.219400641147784e-06,0.00015855807129381048,0.0,-0.05000000000000071,0.006000000000000227,0.54,0.0
136195,0.46656274301173156,0.0,29.61,7.105,5.75,400.0,,,,,29.61,7.105,5.75,400.0,29.61,7.105,5.75,400.0,29.61,7.105,5.75,400.0,,,,,,,,
139952,0.46735127869974474,0.0007885356880131811,29.614450359329258,7.103759648655842,5.468961937716263,400.0,0.01778158510670622,0.002063293138957729,0.311681751565723,0.0,29.59,7.097,4.92,400.0,29.66,7.111,5.86,400.0,29.61,7.104,5.62,400.0,1.4630206995768063e-05,-4.84851930923758e-07,-0.00027148291213082007,0.0,0.029999999999997584,-0.001000000000000334,-0.7599999999999998,0.0
143708,0.4706926844148769,0.0033414057151321397,29.71619009584665,7.107441427050053,4.953133652822151,400.0,0.05105486532531735,0.0015087948075339214,0.040419296739844644,0.0,29.62,7.101,4.84,400.0,29.8,7.112,5.12,400.0,29.72,7.107,4.96,400.0,4.686619608581125e-05,2.1068024383692929e-07,-2.0721227860455073e-05,0.0,0.13000000000000256,0.0019999999999997797,-0.08999999999999986,0.0
143709,0.4706926844148769,0.0,29.76,7.107,4.91,400.0,,,,,29.76,7.107,4.91,400.0,29.76,7.107,4.91,400.0,29.76,7.107,4.91,400.0,,,,,,,,
147468,0.4732591981659795,0.002566513751102617,29.81923915935089,7.106513966480446,5.004445331205107,400.0,0.028873768670337877,0.0017588078931016077,0.18100410207934056,0.0,29.75,7.101,4.71,400.0,29.87,7.113,5.37,400.0,29.82,7.107,4.93,400.0,2.606857805305399e-05,-3.874848789524034e-07,0.00014655419318660977,0.0,0.06999999999999673,0.0,0.3899999999999997,0.0
151224,0.4767517339314903,0.0034925357655107847,29.854137380191688,7.09918237486688,5.796397763578275,400.0,0.022759701765467478,0.005005777573181542,0.4508210476175926,0.0,29.81,7.088,5.21,400.0,29.91,7.11,8.29,400.0,29.85,7.098,5.85,400.0,1.3951115247657872e-05,-3.6035827186729235e-06,0.00035630439515050774,0.0,0.05000000000000071,-0.01100000000000012,0.9199999999999999,0.0
154982,0.47914280342930277,0.0023910694978124813,29.86991218733369,7.096290047897818,6.4937253858435335,400.0,0.052580144087426124,0.001851259582524679,0.13278977142779194,0.0,29.74,7.09,6.21,400.0,29.95,7.103,7.0,400.0,29.89,7.096,6.49,400.0,-3.919726154777829e-05,2.443914565190228e-07,9.371510897854615e-05,0.0,-0.14000000000000057,0.0019999999999997797,0.3200000000000003,0.0
158740,0.48186632704380367,0.0027235236145009,29.791657796700374,7.103737892496008,6.486697711548696,400.0,0.07755440091676839,0.003123780533256833,0.11062255003423341,0.0,29.67,7.095,6.27,400.0,29.92,7.11,6.84,400.0,29.79,7.105,6.46,400.0,6.962770307371469e-05,2.1986680910718146e-06,-6.498319049474472e-05,0.0,0.15000000000000213,0.006000000000000227,-0.08000000000000007,0.0
162498,0.48485705344544083,0.002990726401637167,29.966011176157533,7.105115753060138,6.16812666311868,400.0,0.03801540506494918,0.0017011674128764715,0.28800203494809584,0.0,29.88,7.098,5.5,400.0,30.03,7.111,6.57,400.0,29.97,7.105,6.25,400.0,3.448805116742858e-05,-1.8879405864411333e-07,-0.0002538640589185952,0.0,0.10999999999999943,-0.0019999999999997797,-0.9400000000000004,0.0
166261,0.4865394656586113,0.0016824122131704478,30.02616529364868,7.107595535477014,5.707592346532022,400.0,0.01665362478045404,0.0031175109090340446,0.21378676559342355,0.0,29.98,7.098,5.4,400.0,30.06,7.115,6.54,400.0,30.03,7.108,5.69,400.0,6.541236795957888e-06,-3.773161789928316e-07,0.00016797378597247227,0.0,0.010000000000001563,0.001000000000000334,0.5800000000000001,0.0
170024,0.48927382815203685,0.0027343624934255684,30.054538931703423,7.107137390380016,6.171241031092214,400.0,0.02056792694838533,0.0025825020102701345,0.10694205924875146,0.0,30.0,7.099,5.86,400.0,30.09,7.116,6.45,400.0,30.06,7.107,6.18,400.0,1.7755116640830107e-05,1.70612365674553e-06,7.953375642465304e-05,0.0,0.04999999999999716,0.009000000000000341,0.15000000000000036,0.0
173786,0.4911909268000535,0.0019170986480166463,30.09416533758639,7.111560606060606,6.385539606592238,400.0,0.021816163823962426,0.0018354743757519841,0.0684440873018075,0.0,30.04,7.104,6.13,400.0,30.14,7.118,6.54,400.0,30.1,7.112,6.39,400.0,1.9358552956873073e-05,2.3505790332673635e-07,3.732552066352778e-05,0.0,0.05000000000000071,0.0019999999999997797,0.15000000000000036,0.0
177546,0.4942102832677332,0.0030193564676797013,30.155507978723406,7.116673404255319,6.4641994680851065,400.0,0.03370777885075526,0.0024685809903170495,0.0604139978013112,0.0,30.08,7.107,6.27,400.0,30.21,7.124,6.64,400.0,30.16,7.117,6.47,400.0,3.065979884486482e-05,1.4842643395496791e-06,2.2212776332677492e-05,0.0,0.0799999999999983,0.0030000000000001137,0.08999999999999986,0.0
181306,0.49614934613608447,0.0019390628683512712,30.221699468085106,7.118597606382978,6.375547872340425,400.0,0.019340279083686306,0.0020102278023541764,0.08541134273739041,0.0,30.17,7.112,6.11,400.0,30.25,7.126,6.63,400.0,30.23,7.119,6.39,400.0,1.6890944419640334e-05,7.31610769328745e-07,-5.554884290871787e-05,0.0,0.05000000000000071,0.005000000000000782,-0.3600000000000003,0.0
185068,0.5006089798672755,0.004459633731191015,30.266443381180228,7.12188091440723,5.870598086124401,400.0,0.0495129493808671,0.0023045594643008043,0.14162947557093203,0.0,30.2,7.115,5.56,400.0,30.38,7.129,6.2,400.0,30.25,7.122,5.87,400.0,4.31169716397183e-05,-1.3278265539102789e-06,-3.254016892388187e-05,0.0,0.129999999999999,-0.0019999999999997797,-0.2400000000000002,0.0
188835,0.5022049020769653,0.0015959222096898484,30.52059729227502,7.118740376957791,6.096424210246881,400.0,0.09087693979793193,0.002250042111172602,0.14055890836655055,0.0,30.35,7.111,5.77,400.0,30.66,7.125,6.4,400.0,30.53,7.119,6.13,400.0,8.318588192011002e-05,-1.2207121122195451e-06,0.00011209029030700775,0.0,0.28000000000000114,-0.0030000000000001137,0.3200000000000003,0.0
192604,0.5045537554961937,0.002348853419228414,30.74693287344123,7.114929689572831,6.325802600159193,400.0,0.05898366037592978,0.0016961589973116269,0.06285408643992084,0.0,30.63,7.109,6.17,400.0,30.85,7.12,6.59,400.0,30.75,7.115,6.32,400.0,5.3926166992451285e-05,1.6419536230632535e-07,1.873628475019119e-05,0.0,0.17999999999999972,0.004999999999999893,0.14999999999999947,0.0
196375,0.5070657606251829,0.002512005128989192,30.903150357995226,7.115515247944843,6.335831344470962,400.0,0.04712468293701558,0.0017039409183891884,0.06481450523518308,0.0,30.81,7.11,6.08,400.0,30.98,7.121,6.53,400.0,30.91,7.116,6.34,400.0,4.2901480656233864e-05,8.416486522709328e-07,-1.3675835919059734e-05,0.0,0.120000000000001,-0.0030000000000001137,-0.16000000000000014,0.0
200143,0.5092899202047304,0.002224159579547469,31.00624203821656,7.117263269639065,6.265278662420382,400.0,0.027435215875243047,0.001634090348096228,0.07916123107660551,0.0,30.94,7.112,6.01,400.0,31.06,7.123,6.56,400.0,31.01,7.117,6.27,400.0,2.4640150593178072e-05,5.679687922694746e-07,3.0005372748877037e-05,0.0,0.08999999999999986,0.004999999999999893,0.13999999999999968,0.0
203913,0.5111837592510953,0.0018938390463648647,31.06444031830239,7.122913527851458,6.3280822281167115,400.0,0.023906541030944233,0.001977574599012721,0.08147947849022774,0.0,31.01,7.117,6.0,400.0,31.11,7.128,6.68,400.0,31.07,7.123,6.33,400.0,2.164511926097589e-05,9.48271944288049e-07,2.2949992519432018e-05,0.0,0.07000000000000028,0.004999999999999893,0.1900000000000004,0.0
207682,0.513391009003207,0.0022072497521117285,31.11462987529849,7.125394534359247,6.281247015123375,400.0,0.017298342796144783,0.0017914285928677296,0.08090081183690634,0.0,31.07,7.119,6.05,400.0,31.15,7.131,6.66,400.0,31.12,7.125,6.28,400.0,1.525223033126425e-05,7.393400567727675e-07,-2.3946727604370957e-05,0.0,0.030000000000001137,0.0029999999999992255,-0.39000000000000057,0.0
211451,0.5161083484005219,0.0027173393973148885,31.150538604404353,7.129268506235075,6.188973202440965,400.0,0.01802780520102295,0.0018110207332053467,0.08352111479833542,0.0,31.11,7.124,5.92,400.0,31.18,7.137,6.6,400.0,31.15,7.129,6.19,400.0,1.615397852590015e-05,1.0076684748952307e-06,-2.5446599797875534e-05,0.0,0.03999999999999915,0.0030000000000001137,-0.08000000000000007,0.0
215221,0.519151985969491,0.003043637568969082,31.188156498673738,7.13375702917772,6.083684350132627,400.0,0.013615339329314967,0.0017303985991567053,0.0740556974114215,0.0,31.15,7.128,5.89,400.0,31.21,7.14,6.46,400.0,31.19,7.134,6.09,400.0,1.1503649388949202e-05,6.331310816119191e-07,-1.030736094769272e-05,0.0,0.030000000000001137,0.0,-0.08000000000000007,0.0
218992,0.52105058645174,0.001898600482248991,31.217486077963407,7.135658446035535,6.003723150357995,400.0,0.01743778648904165,0.0019019798768461365,0.06905986133785415,0.0,31.18,7.129,5.69,400.0,31.25,7.142,6.32,400.0,31.22,7.136,6.01,400.0,1.5550034830923056e-05,7.248094285168125e-07,-6.338965592675985e-07,0.0,0.03999999999999915,0.006999999999999673,0.020000000000000462,0.0
222761,0.5238164305055916,0.002765844053851607,31.253796763067125,7.138070045104802,5.9955372777925175,400.0,0.01676115720328965,0.0017784320675764522,0.08842352635992977,0.0,31.22,7.132,5.74,400.0,31.29,7.144,6.38,400.0,31.25,7.138,6.0,400.0,1.4762520971927338e-05,6.517201120813629e-07,-2.80934245107975e-05,0.0,0.019999999999999574,0.006000000000000227,-0.07000000000000028,0.0
226528,0.526246165942465,0.0024297354368734148,31.279110698168303,7.1430135386249,5.952999734536766,400.0,0.012033331727104185,0.0026336959006726048,0.07059285963971283,0.0,31.25,7.136,5.66,400.0,31.3,7.149,6.25,400.0,31.28,7.143,5.95,400.0,9.879254488625865e-06,1.8507754669523863e-06,8.68441806230514e-06,0.0,0.029999999999997584,0.0009999999999994458,-0.08999999999999986,0.0
230297,0.5282945428063718,0.002048376863906798,31.224335367471475,7.150214380472274,5.850756168745026,400.0,0.06672176616780288,0.0052265749914035655,0.06139986090436651,0.0,31.05,7.138,5.66,400.0,31.3,7.164,6.09,400.0,31.25,7.15,5.85,400.0,-5.72404485371232e-05,4.480034436995469e-06,-1.0185431103078505e-07,0.0,-0.23999999999999844,0.016000000000000014,-0.020000000000000462,0.0
234061,0.5311865486747824,0.002892005868410652,30.881493092454836,7.164192614240171,5.8424548352816155,400.0,0.09722021163830884,0.003665141099792975,0.07453588762633773,0.0,30.69,7.154,5.62,400.0,31.06,7.175,6.19,400.0,30.87,7.164,5.85,400.0,-8.92877234250975e-05,3.0227443775311297e-06,2.121062263876078e-06,0.0,-0.35999999999999943,0.006000000000000227,-0.07000000000000028,0.0
237822,0.533578044155644,0.002391495480861594,30.5830576974209,7.176427811752193,5.790885402818399,400.0,0.060567872249614844,0.0034454198278417772,0.07575919228091801,0.0,30.44,7.165,5.54,400.0,30.69,7.186,6.11,400.0,30.58,7.177,5.79,400.0,-5.561511518208015e-05,2.5982400227354792e-06,-1.6301859405314347e-05,0.0,-0.25,0.015000000000000568,-0.019999999999999574,0.0
241584,0.5359024088393719,0.0023243646837278753,30.375707070707072,7.181051036682615,5.716196172248805,400.0,0.03693224532834637,0.0019621654657019745,0.06744327527771929,0.0,30.28,7.174,5.51,400.0,30.45,7.19,6.08,400.0,30.38,7.181,5.72,400.0,-3.37049560655434e-05,8.946711736096381e-07,-2.0044523306080726e-05,0.0,-0.16999999999999815,-0.002000000000000668,-0.08999999999999986,0.0
245343,0.538239280601722,0.00233687176235009,30.266363394519814,7.184865123703113,5.728717744080873,400.0,0.009890130913458244,0.0021565041856397276,0.0907065570441936,0.0,30.23,7.177,5.48,400.0,30.29,7.19,6.1,400.0,30.26,7.185,5.73,400.0,-8.115235199361338e-06,1.2673841496565407e-06,-2.263385602408556e-05,0.0,-0.05999999999999872,0.004999999999999893,-0.11000000000000032,0.0
249099,0.5418905401627926,0.0036512595610705967,30.03037007454739,7.183542864749733,6.450234291799788,400.0,0.10800180695383786,0.004242894860549972,0.5472544701319656,0.0,29.87,7.174,4.92,400.0,30.23,7.193,8.65,400.0,30.02,7.184,6.72,400.0,-9.816360785539974e-05,1.6800426427002808e-06,0.00016320913796762394,0.0,-0.33999999999999986,0.0030000000000001137,0.6600000000000001,0.0
252856,0.5425428789739949,0.0006523388112023021,29.99406973649188,7.190497737556562,6.407881288261911,400.0,0.048229223177735085,0.001962048790185056,0.22362080848831636,0.0,29.87,7.182,5.03,400.0,30.06,7.197,8.65,400.0,30.01,7.191,6.42,400.0,3.9807301374861915e-05,-4.141642566894402e-07,-6.106271223355751e-05,0.0,0.14000000000000057,-0.005000000000000782,-1.08,0.0
256614,0.5447517847458611,0.0022089057718661653,30.097179350718466,7.190161255987228,6.412972325705162,400.0,0.04277349370896962,0.0019073760187790817,0.2829962031147094,0.0,30.0,7.183,5.13,400.0,30.17,7.196,6.84,400.0,30.1,7.19,6.44,400.0,3.910203160266035e-05,-2.2374645005166802e-07,0.00013870664040908028,0.0,0.129999999999999,0.005000000000000782,1.2400000000000002,0.0
260377,0.547590724252181,0.0028389395063199707,30.190717512622907,7.187504916290194,6.073180972628222,400.0,0.030576868717431444,0.0015611459831175079,0.12719797885996717,0.0,30.12,7.182,5.8,400.0,30.25,7.193,6.53,400.0,30.2,7.187,6.06,400.0,2.7693715129854792e-05,-3.630881580666623e-07,-9.693529397632675e-05,0.0,0.07000000000000028,-0.004000000000000448,-0.5300000000000002,0.0
264135,0.5496181113106466,0.002027387058465613,30.249965407131455,7.188163118680149,5.8356333155934,400.0,0.02607648045319681,0.0026330452715315872,0.10658270478605945,0.0,30.19,7.179,5.56,400.0,30.33,7.196,6.3,400.0,30.25,7.188,5.84,400.0,2.2426747604808675e-05,-1.2104468215490664e-06,-5.758407417082028e-05,0.0,0.08999999999999986,0.001000000000000334,-0.16999999999999993,0.0
267899,0.5516966760226037,0.0020785647119571093,30.445781083953246,7.18706987247609,5.752948990435707,400.0,0.06661833497362322,0.002140967686788565,0.07761024443654184,0.0,30.29,7.18,5.49,400.0,30.52,7.194,5.99,400.0,30.48,7.187,5.75,400.0,5.334898715235441e-05,9.6488287702649e-07,2.1415144143471357e-05,0.0,0.14999999999999858,0.005000000000000782,0.09999999999999964,0.0
271657,0.5536177817773223,0.0019211057547185995,30.36859233634912,7.193685470995211,5.713789249600851,400.0,0.05008019509467305,0.0032493821904684425,0.08324123555483305,0.0,30.25,7.185,5.51,400.0,30.45,7.202,6.09,400.0,30.37,7.194,5.71,400.0,-4.5827752887472364e-05,2.5514575324992422e-06,-2.3707115827920167e-05,0.0,-0.1999999999999993,0.009999999999999787,-0.05999999999999961,0.0
275417,0.5560943143116702,0.002476532534347875,30.26628989361702,7.200465425531915,5.610146276595745,400.0,0.05489195660291266,0.002027183272160518,0.08788039277255213,0.0,30.2,7.194,5.33,400.0,30.39,7.206,6.0,400.0,30.24,7.201,5.6,400.0,4.4750409581194214e-05,-4.582251336658564e-07,-4.9365278783013106e-05,0.0,0.120000000000001,0.0,-0.09999999999999964,0.0
279184,0.5583311014864739,0.0022367871748036894,30.53237589593841,7.195153968675338,5.517629413326255,400.0,0.09436800391199533,0.002200558646320525,0.08608516738564188,0.0,30.35,7.19,5.27,400.0,30.69,7.203,5.81,400.0,30.54,7.195,5.52,400.0,8.657832767738785e-05,-1.292304690127562e-06,1.6251116044272606e-06,0.0,0.3100000000000023,-0.0019999999999997797,-0.1800000000000006,0.0
282951,0.5602393457014793,0.0019082442150053502,30.78272099814176,7.189580833554553,5.504427926732148,400.0,0.06682427111498959,0.003033760130013165,0.0736931499242197,0.0,30.65,7.181,5.27,400.0,30.9,7.198,5.78,400.0,30.78,7.19,5.5,400.0,6.123681929062187e-05,-2.32133715627712e-06,1.721227548519393e-05,0.0,0.18999999999999773,-0.008999999999999453,0.16999999999999993,0.0
286717,0.5615161826126837,0.0012768369112043931,30.960047796070103,7.186937865108869,5.538414763674986,400.0,0.045355878885294194,0.0016933163227185557,0.09538603490284082,0.0,30.86,7.182,5.26,400.0,31.03,7.193,5.95,400.0,30.97,7.187,5.54,400.0,4.105367928113666e-05,4.7611769701320145e-07,2.0202699424188495e-05,0.0,0.14000000000000057,0.0019999999999997797,0.1200000000000001,0.0
286718,0.5615161826126837,0.0,31.01,7.19,5.72,400.0,,,,,31.01,7.19,5.72,400.0,31.01,7.19,5.72,400.0,31.01,7.19,5.72,400.0,,,,,,,,
290486,0.5639097022019213,0.0023935195892376138,31.06034766454352,7.1919156050955415,5.495753715498938,400.0,0.030921793330061047,0.002332078124360534,0.07462010582445407,0.0,30.99,7.184,5.28,400.0,31.11,7.199,5.76,400.0,31.06,7.192,5.49,400.0,2.8051928922909594e-05,1.4136824621489965e-06,-2.324168330119936e-05,0.0,0.0799999999999983,0.0039999999999995595,-0.21999999999999975,0.0
294257,0.565584444455679,0.0016747422537577439,31.12428268363829,7.19583717846725,5.427000795544949,400.0,0.02158650882366202,0.001902394664256659,0.07021033008251223,0.0,31.07,7.19,5.25,400.0,31.16,7.201,5.79,400.0,31.13,7.196,5.42,400.0,1.9252822822223498e-05,1.135047963621616e-06,-2.9217767855114312e-05,0.0,0.05999999999999872,0.004999999999999893,-0.10999999999999943,0.0
298028,0.5686066868672526,0.0030222424115735613,31.154510739856804,7.200347918324051,5.339485547600106,400.0,0.015438526295406818,0.0024864370105938407,0.07384657182552945,0.0,31.12,7.192,5.14,400.0,31.19,7.207,5.61,400.0,31.16,7.201,5.33,400.0,1.3656884409354297e-05,1.8236284339392989e-06,1.0622982445470987e-05,0.0,0.030000000000001137,0.0019999999999997797,0.1900000000000004,0.0
301796,0.5704736892648612,0.0018670023976086192,31.184148089171973,7.205251061571125,5.308720806794056,400.0,0.017474357307899473,0.0019425308242367971,0.08100351860390874,0.0,31.15,7.199,5.09,400.0,31.22,7.211,5.58,400.0,31.19,7.205,5.3,400.0,1.559646236623106e-05,1.270101644734495e-06,-4.346123377214933e-05,0.0,0.0400000000000027,0.008000000000000007,-0.2999999999999998,0.0
305565,0.5733550263120246,0.0028813370471634236,31.205786680817194,7.207200583709207,5.358877686388963,400.0,0.012003322383502697,0.0018483049211908136,0.10680203800506018,0.0,31.18,7.2,5.09,400.0,31.23,7.212,5.66,400.0,31.21,7.207,5.36,400.0,1.0389238342991682e-05,9.571608935155293e-07,7.514276917701337e-06,0.0,0.0,0.0,-0.040000000000000036,0.0
309337,0.5747150081233043,0.0013599818112797202,31.22700954400849,7.210211293743373,5.267038706256628,400.0,0.01609330109309783,0.00144506024833892,0.06217233887561246,0.0,31.19,7.206,5.05,400.0,31.26,7.215,5.6,400.0,31.23,7.21,5.26,400.0,1.4210538940671682e-05,3.128829294398731e-07,5.881285366158173e-06,0.0,0.029999999999997584,0.0030000000000001137,0.16000000000000014,0.0
313105,0.5762997049300862,0.00158469680678186,31.243991507430998,7.213162685774946,5.283752653927813,400.0,0.011472057536672551,0.0022452068889020804,0.07601631982411404,0.0,31.21,7.208,5.07,400.0,31.27,7.219,5.58,400.0,31.25,7.213,5.28,400.0,9.620563022614209e-06,1.4775001091256973e-06,1.361047901319275e-06,0.0,0.010000000000001563,0.004000000000000448,-0.040000000000000036,0.0
316877,0.5805540522430206,0.004254347312934392,31.25974284199364,7.217457051961824,5.299986744432662,400.0,0.01653849327901535,0.0019604984252129982,0.058950647340438096,0.0,31.22,7.213,5.17,400.0,31.29,7.223,5.63,400.0,31.26,7.217,5.3,400.0,1.4538045010600302e-05,2.622673589728082e-07,-2.663841175275643e-06,0.0,0.019999999999999574,0.004999999999999893,-0.0600000000000005,0.0
320644,0.5816241829246863,0.0010701306816657263,31.280390230953017,7.218297318821342,5.298816033979294,400.0,0.015360133863152386,0.0014987162961693735,0.07198040594514998,0.0,31.24,7.214,5.11,400.0,31.31,7.224,5.64,400.0,31.28,7.218,5.29,400.0,1.3247230981487899e-05,3.9117778334249565e-07,-2.9594273276931254e-05,0.0,0.010000000000001563,0.001000000000000334,-0.05999999999999961,0.0
324410,0.5831447294666057,0.0015205465419193542,31.301518852894315,7.219556027615507,5.2083855549654805,400.0,0.016121320927004353,0.0020292468574000713,0.06095779171117356,0.0,31.26,7.214,5.04,400.0,31.33,7.225,5.47,400.0,31.31,7.22,5.2,400.0,1.3831830081607461e-05,1.322959076777914e-06,-3.3391413056438716e-05,0.0,0.030000000000001137,0.0039999999999995595,-0.08999999999999986,0.0
328178,0.5856608228881565,0.0025160934215507913,31.326218152866243,7.22415950106157,5.141536624203821,400.0,0.016861596208269616,0.0025776571524426936,0.07125818140213852,0.0,31.28,7.217,4.97,400.0,31.36,7.232,5.55,400.0,31.33,7.224,5.14,400.0,1.4983095701667467e-05,1.9258271178454895e-06,-1.4948578882133104e-05,0.0,0.03999999999999915,0.0030000000000001137,-0.04999999999999982,0.0
331956,0.5879650174820608,0.0023041945939042963,31.24726310217046,7.224743250397035,5.65920063525675,400.0,0.07627948498522671,0.0033267456568508314,0.4150369885422434,0.0,31.1,7.215,4.95,400.0,31.35,7.233,6.75,400.0,31.26,7.225,5.9,400.0,-6.776044980196952e-05,-5.491283595063759e-07,0.0003317817730010584,0.0,-0.21999999999999886,0.0030000000000001137,0.8500000000000005,0.0
335727,0.5906915796357546,0.0027265621536938234,31.164155396446567,7.232926809864757,5.678178202068418,400.0,0.05400605363867976,0.0019205574678843522,0.1818067183149701,0.0,31.07,7.227,5.37,400.0,31.27,7.24,8.55,400.0,31.16,7.233,5.63,400.0,4.862472022439392e-05,6.3960506101026e-08,-0.00010215135170641587,0.0,0.14999999999999858,0.0030000000000001137,-0.4900000000000002,0.0
339502,0.5914215631788202,0.0007299835430656376,31.29874701986755,7.2309793377483444,5.566622516556292,400.0,0.046611671937158754,0.001877994929735664,0.07905750639875754,0.0,31.2,7.224,5.32,400.0,31.38,7.237,5.92,400.0,31.3,7.231,5.56,400.0,4.155839265807393e-05,-4.4396276893320277e-07,-9.668577942563926e-06,0.0,0.11000000000000298,0.001000000000000334,0.009999999999999787,0.0
343274,0.5936648011407996,0.0022432379619793386,31.40270148462354,7.230958907741251,5.550365853658535,400.0,0.025581395883538947,0.0018483065919899268,0.07307014158017347,0.0,31.34,7.224,5.38,400.0,31.44,7.239,5.89,400.0,31.41,7.231,5.54,400.0,2.2601411412207144e-05,-1.805312045888803e-08,-2.7254605194913545e-05,0.0,0.05999999999999872,0.0,0.05999999999999961,0.0
347043,0.594951872943663,0.001287071802863471,31.424927036349168,7.2335431148845855,5.630326346511011,400.0,0.007775460455572944,0.0022833540899331707,0.12087909880130111,0.0,31.4,7.225,5.31,400.0,31.44,7.24,5.93,400.0,31.43,7.234,5.64,400.0,5.374144006566239e-06,1.558598003962998e-06,8.210818843707383e-05,0.0,0.0,0.004000000000000448,0.11000000000000032,0.0
350817,0.5971671949768702,0.002215322033207179,31.425262321144682,7.237098304186539,5.580039745627981,400.0,0.01267224608543944,0.0018110103772428735,0.07083181896457873,0.0,31.39,7.231,5.39,400.0,31.45,7.243,5.81,400.0,31.43,7.237,5.57,400.0,1.0882293963473743e-05,2.7111303611307884e-07,-4.594616723441765e-05,0.0,0.030000000000001137,0.0019999999999997797,-0.2400000000000002,0.0
354588,0.5976301461793306,0.00046295120246042654,31.449557146645454,7.237116945107398,5.450525059665871,400.0,0.014068423499479395,0.0016448155998359123,0.059854732149647004,0.0,31.41,7.23,5.29,400.0,31.47,7.242,5.7,400.0,31.45,7.237,5.45,400.0,1.2296289536300013e-05,6.378423848744695e-07,-2.8911934482637103e-05,0.0,0.029999999999997584,0.001000000000000334,0.040000000000000036,0.0
358357,0.599393875258559,0.0017637290792283933,31.46420535951181,7.24159856725922,5.335712390554524,400.0,0.007728216624952083,0.0019498511200719444,0.0625534001838833,0.0,31.44,7.235,5.17,400.0,31.48,7.247,5.6,400.0,31.47,7.242,5.33,400.0,6.0004816764865345e-06,6.004072262840877e-07,-2.902465271936197e-05,0.0,0.0,0.006999999999999673,-0.16000000000000014,0.0
362126,0.6008380309404878,0.0014441556819287937,31.465853011408864,7.245295038471743,5.279755903422658,400.0,0.01175522841077621,0.0023643628266997517,0.10370725711404222,0.0,31.44,7.239,5.06,400.0,31.49,7.252,5.68,400.0,31.47,7.245,5.26,400.0,9.994056436513584e-06,1.5745516829067079e-06,3.056776435852287e-05,0.0,0.0,0.0030000000000001137,0.27000000000000046,0.0
365897,0.602568010708849,0.0017299797683612006,31.469607531158847,7.250081410766375,5.340490586051445,400.0,0.006975119597485451,0.0022392689513021395,0.0784738250906085,0.0,31.45,7.244,5.16,400.0,31.49,7.256,5.71,400.0,31.47,7.25,5.33,400.0,5.307141035597723e-06,1.281534249778553e-06,-3.190532197217517e-05,0.0,0.0,0.0019999999999997797,-0.17999999999999972,0.0
369672,0.6049168237997168,0.002348813090867763,31.483435761589412,7.252377483443709,5.34915761589404,400.0,0.011798275454731636,0.002200537469438401,0.09591652164882823,0.0,31.45,7.246,5.09,400.0,31.5,7.26,5.84,400.0,31.49,7.252,5.35,400.0,9.461259589764458e-06,9.361502926338026e-07,5.449322339050504e-05,0.0,0.00999999999999801,0.0019999999999997797,0.11000000000000032,0.0
373445,0.6051052787742093,0.00018845497449249127,31.48827193214949,7.257469387755102,5.387590776570368,400.0,0.008627021680694276,0.002304711521578669,0.07656601224380516,0.0,31.46,7.25,5.17,400.0,31.51,7.266,5.71,400.0,31.49,7.257,5.38,400.0,6.958454978171776e-06,1.3170063620784959e-06,-4.067259055998986e-05,0.0,0.019999999999999574,0.006000000000000227,-0.08999999999999986,0.0
377219,0.6073257721237616,0.0022204933495523216,31.497281399046102,7.25824377318495,5.316629570747217,400.0,0.01237615194972639,0.0018477519575257621,0.06099607887338824,0.0,31.47,7.253,5.15,400.0,31.52,7.267,5.59,400.0,31.5,7.258,5.32,400.0,1.0524598031654431e-05,-3.168312901742821e-07,-2.2783934714799788e-05,0.0,0.00999999999999801,-0.0030000000000001137,-0.04999999999999982,0.0
380990,0.6097005291448475,0.002374757021085916,31.502171837708833,7.261210819411296,5.253770883054893,400.0,0.007957323990103845,0.002436645439836168,0.07375451798948937,0.0,31.48,7.253,5.03,400.0,31.52,7.27,5.64,400.0,31.5,7.261,5.25,400.0,6.0480960583626085e-06,8.588911918549737e-07,-3.476819265883228e-05,0.0,0.010000000000001563,0.005999999999999339,0.019999999999999574,0.0
384762,0.6099863745798506,0.0002858454350030959,31.496102863202548,7.264347295864264,5.2942550371155885,400.0,0.0056484120093975385,0.0024401095924312796,0.0957212521632337,0.0,31.48,7.257,5.04,400.0,31.51,7.272,5.69,400.0,31.5,7.264,5.3,400.0,3.6583866746705987e-06,2.0167007723729026e-07,-7.178186394928862e-05,0.0,-0.00999999999999801,0.002000000000000668,-0.09999999999999964,0.0
388533,0.6116097287550092,0.0016233541751585756,31.4848395651021,7.268810129939008,5.213556085918855,400.0,0.00827539795875677,0.002497428546827006,0.06253998803063676,0.0,31.46,7.261,5.02,400.0,31.5,7.278,5.6,400.0,31.49,7.269,5.21,400.0,6.096263639707646e-06,6.365359860828054e-07,1.0638496770278075e-05,0.0,0.0,0.009000000000000341,-0.1200000000000001,0.0
392314,0.6133832421550707,0.0017735134000614883,31.475583179053167,7.270454906109496,5.154353345675747,400.0,0.008197933185583102,0.0016605890371121405,0.08117676826775064,0.0,31.45,7.264,4.82,400.0,31.49,7.276,5.82,400.0,31.48,7.27,5.16,400.0,5.762978878298192e-06,-9.95398134311643e-08,-3.1938780256337315e-05,0.0,-0.019999999999999574,-0.001000000000000334,-0.040000000000000036,0.0
396083,0.6154052354140211,0.002021993258950472,31.46648713186522,7.274680021225789,5.049156274873972,400.0,0.006485522540719265,0.0020773335430861435,0.0633694659348755,0.0,31.44,7.268,4.9,400.0,31.48,7.281,5.48,400.0,31.47,7.275,5.04,400.0,4.2907327625145e-06,1.1054976086268955e-06,5.84738866717977e-07,0.0,0.0,0.004999999999999893,-0.09999999999999964,0.0
399853,0.6175336599463535,0.002128424532332307,31.447610079575593,7.277974270557029,5.012286472148541,400.0,0.006856115458221774,0.0019414693734932066,0.06630347151037637,0.0,31.43,7.272,4.84,400.0,31.46,7.284,5.4,400.0,31.45,7.278,5.01,400.0,4.49114467614162e-06,9.637902197431801e-07,2.8182491633958885e-06,0.0,-0.010000000000001563,0.0019999999999997797,-0.03000000000000025,0.0
403626,0.6203553434413205,0.002821683494967031,31.43802014312218,7.277870394911212,5.000166975881262,400.0,0.00665604098002417,0.0017047142475643468,0.08306654949537477,0.0,31.41,7.273,4.83,400.0,31.45,7.284,5.65,400.0,31.44,7.278,4.99,400.0,3.905531792190399e-06,4.798536858232294e-07,1.355500182390429e-05,0.0,0.0,-0.0009999999999994458,0.0,0.0
407394,0.6210880827443845,0.0007327393030640561,31.429193205944806,7.281346337579619,5.07446390658174,400.0,0.009676851297875651,0.0023568678320729395,0.11975365951690924,0.0,31.4,7.274,4.8,400.0,31.45,7.288,5.61,400.0,31.43,7.281,5.07,400.0,7.992142112793007e-06,1.329429054556015e-06,5.945509603382895e-05,0.0,0.0,0.007000000000000561,0.22999999999999954,0.0
411167,0.6233428898598712,0.0022548071154866456,31.432552345613573,7.283906440498278,5.436133050622846,400.0,0.01432208758988982,0.0019745177737856686,0.2205521132948872,0.0,31.4,7.278,4.96,400.0,31.47,7.29,6.03,400.0,31.43,7.284,5.42,400.0,1.253035135092712e-05,4.065339213184557e-08,0.0001711563864675374,0.0,0.010000000000001563,0.0019999999999997797,0.5099999999999998,0.0
414939,0.6246718364412982,0.0013289465814270152,31.447417815482503,7.287389978791094,5.800596500530223,400.0,0.01463830267746194,0.0027455197804009067,0.10786980311579075,0.0,31.41,7.279,5.41,400.0,31.48,7.298,6.04,400.0,31.45,7.287,5.82,400.0,1.2849442840548697e-05,1.3848706239381757e-06,3.81973045056101e-05,0.0,0.019999999999999574,0.008000000000000007,0.08999999999999986,0.0
418717,0.6277389704877466,0.0030671340464484276,31.473083642138704,7.293625198517734,5.827845420857596,400.0,0.016547166793975006,0.0025629114276018963,0.09763182330489202,0.0,31.43,7.287,5.6,400.0,31.5,7.304,6.26,400.0,31.47,7.293,5.82,400.0,1.448743546095516e-05,1.3298542401545007e-06,3.481402779926356e-05,0.0,0.029999999999997584,0.0030000000000001137,0.1200000000000001,0.0
422492,0.6298789693999961,0.0021399989122494745,31.44855364238411,7.293321854304636,6.151883443708609,400.0,0.0266466350674504,0.003190471165608053,0.24085285486950234,0.0,31.4,7.283,5.7,400.0,31.5,7.304,7.98,400.0,31.43,7.294,6.06,400.0,-1.8823786382038455e-05,-2.949055107810784e-07,0.0001581190070383088,0.0,-0.060000000000002274,-0.004000000000000448,0.4299999999999997,0.0
426265,0.6298789693999961,0.0,31.40924728332892,7.297543334216804,6.416986482904851,400.0,0.01811842658548934,0.0027663600345606996,0.0954298145188708,0.0,31.36,7.289,6.15,400.0,31.45,7.305,6.78,400.0,31.41,7.298,6.41,400.0,1.3083099857576706e-05,1.4242691173484903e-06,4.709099842381157e-06,0.0,0.0,0.006000000000000227,-0.009999999999999787,0.0
430031,0.6317789482894867,0.0018999788894905612,31.42790493892725,7.299898566117897,6.412559745087625,400.0,0.016174430726682825,0.0020682416303333187,0.21734222441098222,0.0,31.39,7.293,5.59,400.0,31.47,7.306,8.95,400.0,31.43,7.3,6.43,400.0,8.850253131597113e-06,8.118889519282859e-07,-3.1627195473455016e-05,0.0,0.0400000000000027,0.0029999999999992255,0.25,0.0
433806,0.6326316373885319,0.000852689099045234,31.47993642384106,7.300144635761589,6.519721854304636,400.0,0.020752821056480228,0.0026228697856746676,0.1176415562504466,0.0,31.43,7.294,6.22,400.0,31.52,7.309,7.05,400.0,31.48,7.3,6.5,400.0,1.8195317840999974e-05,9.497313500700528e-07,-7.92766188636525e-05,0.0,0.04999999999999716,0.0,-0.21999999999999975,0.0
437584,0.6345437237018965,0.0019120863133645916,31.503176283748015,7.302589730015882,6.3693515087347805,400.0,0.012503476826754125,0.0018424926943493793,0.08911786556302831,0.0,31.47,7.298,6.17,400.0,31.53,7.309,6.73,400.0,31.5,7.302,6.36,400.0,1.068284793380706e-05,7.356557240448726e-07,2.305988908943941e-05,0.0,0.019999999999999574,0.0019999999999997797,0.0,0.0
441356,0.6347454865310321,0.00020176282913564325,31.51870890774125,7.304532873806998,6.45779427359491,400.0,0.01466511509746985,0.0027358237896455665,0.08988965856906819,0.0,31.48,7.298,6.23,400.0,31.54,7.314,6.87,400.0,31.52,7.304,6.45,400.0,1.1390132819161422e-05,1.508430956840798e-06,2.748260495216668e-05,0.0,0.0,0.008000000000000007,0.20999999999999996,0.0
445118,0.636059234656693,0.001313748125660874,31.315980861244018,7.315969962785752,6.496786283891547,400.0,0.10202917379736187,0.0032736410640472413,0.08001536374050343,0.0,31.11,7.308,6.23,400.0,31.49,7.325,6.83,400.0,31.32,7.315,6.5,400.0,-9.379687484595815e-05,2.3699099619183197e-06,-2.9430861900402054e-05,0.0,-0.370000000000001,0.008000000000000007,-0.2999999999999998,0.0
448878,0.6399223664753416,0.003863131818648613,30.981212765957448,7.327510638297872,6.387805851063829,400.0,0.0772059117114835,0.0028317910987285958,0.07944272226987487,0.0,30.79,7.319,6.11,400.0,31.11,7.334,6.7,400.0,30.98,7.328,6.38,400.0,-7.092628474894674e-05,2.1996224996241803e-06,-3.460244407295779e-06,0.0,-0.3200000000000003,0.0129999999999999,0.1900000000000004,0.0
452637,0.6412518925966323,0.0013295261212906695,30.69729183293429,7.335949720670391,6.414405426975259,400.0,0.06511060483490196,0.0032974540312993225,0.10013408537072074,0.0,30.54,7.328,6.13,400.0,30.8,7.345,6.87,400.0,30.7,7.336,6.42,400.0,-5.981759411577059e-05,2.6022877943139744e-06,-1.0319034211452919e-05,0.0,-0.26000000000000156,0.006000000000000227,-0.1299999999999999,0.0
456393,0.6429452506707012,0.0016933580740688958,30.463687433439826,7.342911874334398,6.396924920127796,400.0,0.04570567871799736,0.0026336868390328485,0.09844081789493209,0.0,30.35,7.335,6.1,400.0,30.54,7.351,6.78,400.0,30.46,7.343,6.39,400.0,-4.18903674016155e-05,1.937311634760499e-06,3.1028313533819264e-05,0.0,-0.18999999999999773,0.008999999999999453,0.10000000000000053,0.0
460147,0.6437171469848747,0.0007718963141735147,30.31502663825253,7.3486856686201385,6.520367607884922,400.0,0.027687530469602067,0.0024009883929178876,0.09816392308614107,0.0,30.22,7.341,6.18,400.0,30.36,7.356,6.84,400.0,30.32,7.349,6.53,400.0,-2.48448680413743e-05,1.54089937643626e-06,4.247299628492691e-05,0.0,-0.13000000000000256,0.0029999999999992255,0.009999999999999787,0.0
463903,0.645161701119431,0.0014445541345563528,30.182428115015973,7.350806443024494,6.455758785942493,400.0,0.025604050481900707,0.0017309191141440072,0.07598573252451621,0.0,30.09,7.344,6.21,400.0,30.22,7.357,6.77,400.0,30.18,7.351,6.46,400.0,-2.2969285562644535e-05,2.379373338553359e-09,-7.5810426329724036e-06,0.0,-0.120000000000001,0.002000000000000668,0.09999999999999964,0.0
467657,0.6468704029245482,0.0017087018051171743,30.061422482685135,7.353047948854555,6.553132658497604,400.0,0.010852349938623143,0.0022157400986954423,0.0717126336254242,0.0,30.02,7.346,6.23,400.0,30.09,7.361,6.81,400.0,30.06,7.353,6.55,400.0,-7.053604420891821e-06,9.4396861374248e-07,1.4216687831877022e-05,0.0,-0.07000000000000028,0.0030000000000001137,-0.1200000000000001,0.0
471409,0.6500467210692351,0.003176318144686885,30.051793710021318,7.356423240938166,6.575636993603411,400.0,0.01913086400975251,0.002096695638862195,0.07870295789393873,0.0,30.0,7.349,6.32,400.0,30.1,7.364,6.82,400.0,30.05,7.356,6.58,400.0,1.7017992245285722e-05,1.04515394402797e-06,1.0368670069438349e-05,0.0,0.030000000000001137,0.0029999999999992255,0.16000000000000014,0.0
475164,0.6508313544929666,0.0007846334237314734,30.081041278295604,7.358241011984021,6.480897470039947,400.0,0.02051954771762815,0.0018796277753615682,0.08692135026016898,0.0,30.03,7.352,6.22,400.0,30.12,7.365,6.69,400.0,30.08,7.358,6.49,400.0,1.8227727707117564e-05,-2.302000218030657e-07,-1.3980042498768915e-05,0.0,0.030000000000001137,0.0,-0.1200000000000001,0.0
478916,0.6535097617461708,0.002678407253204229,30.11316897654584,7.359364605543709,6.447913113006397,400.0,0.022589145472264635,0.0019128729202186146,0.08159624456670816,0.0,30.06,7.353,6.24,400.0,30.16,7.367,6.71,400.0,30.11,7.359,6.45,400.0,2.0143273155254817e-05,9.465688027141596e-07,-4.403187813836633e-05,0.0,0.030000000000001137,0.009000000000000341,-0.16000000000000014,0.0
478917,0.6535097617461708,0.0,30.1,7.367,6.35,400.0,,,,,30.1,7.367,6.35,400.0,30.1,7.367,6.35,400.0,30.1,7.367,6.35,400.0,,,,,,,,
482674,0.6542479096410763,0.0007381478949054499,30.15815810487091,7.359646526483896,6.352342294383817,400.0,0.030136599224331182,0.0025159018845130154,0.08336983408724925,0.0,30.08,7.353,6.08,400.0,30.2,7.369,6.78,400.0,30.16,7.359,6.36,400.0,2.6935841241313794e-05,-1.2478485071907415e-06,1.8433945725607196e-05,0.0,0.04999999999999716,-0.006000000000000227,0.04999999999999982,0.0
486430,0.6570006386350289,0.0027527289939526245,30.201411075612352,7.360938232161874,6.468482428115017,400.0,0.024749726218095798,0.002066643963865972,0.08838384666668088,0.0,30.12,7.355,6.23,400.0,30.24,7.368,6.79,400.0,30.2,7.361,6.47,400.0,2.214976565709019e-05,1.145817787213822e-06,5.731068255821427e-06,0.0,0.05000000000000071,0.0019999999999997797,0.05999999999999961,0.0
490188,0.6581705277472437,0.001169889112214828,30.231051091005856,7.363879191059073,6.491106971793507,400.0,0.021177401880771694,0.0023192814562850933,0.0900566098207598,0.0,30.17,7.356,6.27,400.0,30.27,7.37,6.78,400.0,30.23,7.364,6.49,400.0,1.8874579644482822e-05,1.357190248666712e-06,-1.3589873344477105e-05,0.0,0.03999999999999915,0.0030000000000001137,-0.07000000000000028,0.0
493945,0.6601986978720795,0.002028170124835804,30.26207346286931,7.367439446366781,6.247109395794517,400.0,0.020852106925160888,0.0017258507223317477,0.09530457878039843,0.0,30.21,7.362,6.02,400.0,30.3,7.374,6.72,400.0,30.26,7.367,6.24,400.0,1.8569149349626187e-05,1.2162306954013416e-07,7.356806876833803e-07,0.0,0.0400000000000027,0.002000000000000668,-0.08999999999999986,0.0
497703,0.6615382044607939,0.0013395065887144009,30.289600851516763,7.370125066524747,6.21617881852049,400.0,0.02148717066996828,0.001823983211186356,0.10495385735168668,0.0,30.23,7.364,5.88,400.0,30.33,7.376,6.56,400.0,30.29,7.37,6.21,400.0,1.9081132587116527e-05,6.806901039890816e-07,-5.6859771499147884e-05,0.0,0.030000000000001137,0.0030000000000001137,-0.040000000000000036,0.0
501465,0.6634743812092975,0.0019361767485035486,30.321916533758635,7.372411749069643,6.139141414141413,400.0,0.025820653356375706,0.001843173388233146,0.08683958317481884,0.0,30.26,7.367,5.87,400.0,30.37,7.378,6.54,400.0,30.33,7.372,6.14,400.0,2.308040892989287e-05,7.099798185462908e-07,-1.9269158526156606e-05,0.0,0.05000000000000071,0.004000000000000448,-0.1800000000000006,0.0
505223,0.665365087207718,0.001890705998420561,30.344686003193193,7.374930814262905,6.1320409792442785,400.0,0.014190793573415086,0.0018375618102626902,0.10229915590151499,0.0,30.3,7.369,5.82,400.0,30.37,7.381,6.44,400.0,30.35,7.375,6.14,400.0,8.292165983524725e-06,-8.469953796181404e-08,2.522193500940367e-05,0.0,-0.019999999999999574,0.0019999999999997797,0.27000000000000046,0.0
508981,0.6667749594072667,0.0014098721995486896,30.296849387972333,7.376203299627461,6.19904736562001,400.0,0.0068695738107872615,0.00172169911036222,0.10097289522761392,0.0,30.24,7.371,5.94,400.0,30.32,7.382,6.47,400.0,30.3,7.376,6.2,400.0,-2.1369855183575477e-06,-4.2404011668231815e-07,-5.364121528482609e-05,0.0,-0.060000000000002274,0.0030000000000001137,-0.3799999999999999,0.0
512735,0.6692806161968758,0.002505656789609123,30.191923281832715,7.375218167288227,6.340285029302078,400.0,0.05019629442165857,0.0030248249444932685,0.23629940487577072,0.0,30.08,7.364,5.88,400.0,30.27,7.382,8.72,400.0,30.17,7.376,6.33,400.0,-3.337004905715183e-05,2.7307596392410283e-08,0.00017501852456700676,0.0,-0.120000000000001,-0.004999999999999893,0.5300000000000002,0.0
516495,0.6703745575357423,0.001093941338866422,30.194710106382978,7.374785106382978,6.492018617021277,400.0,0.06173358824863481,0.00233246093736364,0.11871998291522562,0.0,30.09,7.366,5.99,400.0,30.33,7.383,7.07,400.0,30.18,7.375,6.49,400.0,5.557030559492528e-05,-1.5161722373355447e-06,-2.4181663724768032e-05,0.0,0.19000000000000128,-0.001000000000000334,-0.020000000000000462,0.0
520256,0.670648473963557,0.00027391642781471326,30.51542408933794,7.367571390587609,6.456349375166179,400.0,0.11912485468891816,0.0024887556505395116,0.08527891803943399,0.0,30.29,7.359,6.13,400.0,30.71,7.374,6.8,400.0,30.53,7.368,6.46,400.0,0.00010944032426325658,-1.5175467874798885e-06,-2.1082564926632044e-05,0.0,0.379999999999999,-0.01100000000000012,-0.08000000000000007,0.0
524020,0.6732317683802231,0.0025832944166661598,30.828206695005314,7.3587197130712,6.304442082890541,400.0,0.07374892440566705,0.0041717479004380565,0.1122709418470493,0.0,30.66,7.345,5.95,400.0,30.94,7.367,7.63,400.0,30.85,7.359,6.31,400.0,6.40945987207935e-05,-2.929005354538778e-06,-7.572330177885316e-05,0.0,0.22999999999999687,-0.014000000000000234,-0.29000000000000004,0.0
527787,0.6720206535629046,-0.0012111148173185038,31.026652508627553,7.352227501990974,6.30189275285373,400.0,0.06325413454775435,0.0017813298863572958,0.11132667439238167,0.0,30.88,7.347,5.97,400.0,31.13,7.358,6.65,400.0,31.03,7.352,6.33,400.0,5.760221761109135e-05,7.497027924981185e-07,7.292515833389783e-05,0.0,0.17999999999999972,0.006000000000000227,0.29000000000000004,0.0
531555,0.6732317683802231,0.0012111148173185038,31.171778131634824,7.355010350318471,6.35979033970276,400.0,0.04472695832694674,0.0017724700869333136,0.11873161000030245,0.0,31.07,7.348,5.87,400.0,31.24,7.361,6.69,400.0,31.18,7.355,6.39,400.0,4.0526779226403866e-05,4.979530119592638e-07,-6.332004557058203e-05,0.0,0.120000000000001,0.0009999999999994458,-0.1899999999999995,0.0
535325,0.6735074934113264,0.00027572503110329105,31.240992042440322,7.356558620689656,6.172371352785146,400.0,0.021103101096796986,0.0021616513952223684,0.13179154136636848,0.0,31.18,7.351,5.61,400.0,31.29,7.364,8.35,400.0,31.24,7.356,6.17,400.0,9.91348665851961e-06,8.879015584655439e-07,-6.351871733263956e-05,0.0,0.05000000000000071,0.004000000000000448,0.0,0.0
539094,0.6740594691870831,0.000551975775756719,31.30079862032369,7.36278455823826,6.106110374104537,400.0,0.03182896233160284,0.0018545191610928554,0.109984531440334,0.0,31.22,7.356,5.81,400.0,31.35,7.368,6.56,400.0,31.31,7.363,6.11,400.0,2.8389809259670146e-05,1.1237824791228914e-06,3.7731011030536814e-06,0.0,0.060000000000002274,0.004999999999999893,0.1200000000000001,0.0
542863,0.6746121474010235,0.0005526782139403386,31.35406473865747,7.365662509949589,6.177689042186256,400.0,0.022105999486884,0.002253842711486329,0.12254616050155812,0.0,31.29,7.359,5.82,400.0,31.39,7.372,6.51,400.0,31.36,7.366,6.18,400.0,1.9651072914494306e-05,1.2118493419909732e-06,-8.706457153158739e-05,0.0,0.05999999999999872,0.0030000000000001137,-0.41000000000000014,0.0
546629,0.6753316821689076,0.0007195347678841113,31.387549123738715,7.37364418481147,5.9362347318109405,400.0,0.015975399515198458,0.002974580562232922,0.1114196790802343,0.0,31.34,7.365,5.62,400.0,31.42,7.38,6.2,400.0,31.39,7.374,5.93,400.0,1.4018105308866221e-05,2.2787792660692065e-06,-1.649114785657189e-05,0.0,0.029999999999997584,0.008999999999999453,-0.040000000000000036,0.0
550397,0.6752209068891581,-0.00011077527974945323,31.402725583864118,7.380299628450105,6.066515392781317,400.0,0.013385190594110254,0.0020093172591977835,0.09331739216338429,0.0,31.36,7.373,5.76,400.0,31.43,7.387,6.38,400.0,31.41,7.38,6.06,400.0,1.154189799666979e-05,1.1352459247193975e-06,2.172944710953534e-05,0.0,0.00999999999999801,0.006000000000000227,0.27999999999999936,0.0
554164,0.6761079012886848,0.0008869943995266638,31.402083886381735,7.385775152641358,6.35449960180515,400.0,0.007304569967262562,0.001977875118906122,0.16555369989512508,0.0,31.37,7.38,5.88,400.0,31.42,7.393,6.78,400.0,31.4,7.386,6.36,400.0,4.661518340018701e-06,1.1160570683121432e-06,0.00012116821454908208,0.0,-0.00999999999999801,0.004999999999999893,0.5299999999999994,0.0
557929,0.6767743379645804,0.0006664366758956097,31.387335989375828,7.3926881806108895,6.713444887118195,400.0,0.010502516947453551,0.0025204753463625965,0.13664145529261534,0.0,31.35,7.385,6.23,400.0,31.41,7.399,7.25,400.0,31.39,7.393,6.72,400.0,8.814490584843845e-06,1.7839599481820847e-06,6.250961598666378e-05,0.0,0.0,0.004999999999999893,0.1200000000000001,0.0
561695,0.677052322024448,0.00027798405986756425,31.390345193839618,7.394305629314924,6.79195698353691,400.0,0.015677283690315656,0.0016190450728175675,0.09918241746374698,0.0,31.35,7.39,6.47,400.0,31.42,7.4,7.14,400.0,31.39,7.394,6.8,400.0,1.3790214913210953e-05,4.469757334248176e-07,-2.4922134288763886e-06,0.0,0.019999999999999574,0.004999999999999893,-0.05999999999999961,0.0
565461,0.678389127949207,0.0013368059247590436,31.38999203398831,7.3984312267657995,6.7109107806691455,400.0,0.007824430718862027,0.002294035671759448,0.12528212626429494,0.0,31.36,7.392,6.3,400.0,31.41,7.405,7.19,400.0,31.39,7.398,6.71,400.0,5.573223189337858e-06,1.4468971497744462e-06,-6.409406004013424e-05,0.0,0.0,0.004000000000000448,-0.2400000000000002,0.0
569225,0.6791149529256012,0.0007258249763941738,31.38252922422954,7.402780021253986,6.474179064824654,400.0,0.01002947801571964,0.0019713505825700406,0.1031025013277791,0.0,31.35,7.397,6.19,400.0,31.4,7.409,6.88,400.0,31.38,7.403,6.47,400.0,7.816320543569678e-06,7.423301625723024e-07,-4.7073242034993327e-05,0.0,0.0,0.004000000000000448,-0.27000000000000046,0.0
572994,0.6791149529256012,0.0,31.37119129742638,7.404859113823296,6.292244627222075,400.0,0.010488987685853378,0.0018623112366883744,0.08180846444602327,0.0,31.34,7.398,6.02,400.0,31.4,7.411,6.49,400.0,31.37,7.405,6.3,400.0,8.728262680985916e-06,6.428169371912208e-07,-3.304010495342186e-05,0.0,0.0,-0.0030000000000001137,-0.15000000000000036,0.0
576756,0.6799539534091608,0.0008390004835595599,31.376379585326955,7.4079021796916535,6.3230808080808085,400.0,0.012023308393959873,0.0017580295620704487,0.08696482315543821,0.0,31.33,7.401,6.07,400.0,31.4,7.414,6.57,400.0,31.38,7.408,6.33,400.0,9.644600441193076e-06,5.582487578327749e-07,-1.5711132615772377e-05,0.0,0.0,0.009000000000000341,0.009999999999999787,0.0
580519,0.681299734675297,0.00134578126613627,31.376157321286207,7.410629019399416,6.280268402870051,400.0,0.013598195319548123,0.0020509272990949998,0.07921469442696995,0.0,31.34,7.404,6.01,400.0,31.41,7.417,6.5,400.0,31.38,7.411,6.28,400.0,1.1710637712468872e-05,9.218290572797402e-07,2.548160446680061e-05,0.0,0.00999999999999801,0.0,0.25,0.0
584287,0.682311814454179,0.001012079778881958,31.382415074309975,7.413206740976646,6.272245222929937,400.0,0.014507422592172945,0.002239090223206661,0.08411945791490334,0.0,31.34,7.406,6.01,400.0,31.41,7.42,6.64,400.0,31.38,7.413,6.28,400.0,1.2540572005725455e-05,1.2228584863996021e-06,-2.190325481813987e-05,0.0,0.019999999999999574,0.004000000000000448,-0.1900000000000004,0.0
588049,0.6837778839494396,0.0014660694952606246,31.384662413609778,7.414129984051037,6.4105183413078155,400.0,0.01389194890666972,0.0017885747623965016,0.12065659377986944,0.0,31.35,7.408,6.05,400.0,31.41,7.42,6.75,400.0,31.38,7.414,6.42,400.0,1.2110050292428971e-05,-4.4118302857752714e-07,8.302860987323493e-05,0.0,-0.010000000000001563,-0.0019999999999997797,0.3100000000000005,0.0
591814,0.6850222815971116,0.0012443976476720353,31.375375830013283,7.414262682602922,6.571022576361222,400.0,0.005794781276758961,0.002008034268167181,0.08685948667444363,0.0,31.35,7.409,6.18,400.0,31.39,7.421,6.79,400.0,31.38,7.414,6.57,400.0,2.474699962047577e-06,-4.7494483349192036e-07,-2.960691509259071e-05,0.0,-0.00999999999999801,0.0019999999999997797,-0.14000000000000057,0.0
595577,0.6864407115009561,0.0014184299038444426,31.369141642306676,7.415110284347596,6.321206484188148,400.0,0.012509725133941425,0.0016955418915949065,0.11643668670158935,0.0,31.33,7.409,6.04,400.0,31.39,7.421,6.86,400.0,31.37,7.415,6.32,400.0,1.0016654648652442e-05,3.861176528260893e-07,-5.699996782401686e-05,0.0,0.010000000000001563,0.0019999999999997797,-0.23000000000000043,0.0
599344,0.6858160315238936,-0.0006246799770625033,31.375261481284838,7.417506503849218,6.199668170958322,400.0,0.017599707917529777,0.0017945150585024416,0.11845088480874685,0.0,31.33,7.412,5.89,400.0,31.41,7.424,6.69,400.0,31.38,7.417,6.19,400.0,1.569512272434711e-05,5.429316714773726e-07,2.6527758121674925e-06,0.0,0.019999999999999574,0.0019999999999997797,0.1200000000000001,0.0
603110,0.6892915454341099,0.003475513910216277,31.231120552310145,7.416356611789698,6.431367498672332,400.0,0.08564429863246782,0.002898095283565725,0.12007905472765093,0.0,31.09,7.408,6.11,400.0,31.38,7.425,6.79,400.0,31.22,7.416,6.43,400.0,-7.754440800917964e-05,1.6020980479350063e-06,6.53389136713692e-05,0.0,-0.2699999999999996,0.0030000000000001137,0.10000000000000053,0.0
606876,0.6890056184490612,-0.0002859269850487012,31.15695432819968,7.422229952203931,6.416030270844398,400.0,0.06948561937542783,0.0022066458470106935,0.09186044116211112,0.0,31.05,7.416,6.14,400.0,31.29,7.428,7.0,400.0,31.16,7.423,6.42,400.0,6.310506004989558e-05,-1.0986411196728234e-06,-4.296439470345807e-05,0.0,0.11999999999999744,-0.0039999999999995595,-0.1200000000000001,0.0
610643,0.6892343449754295,0.00022872652636829471,31.340947703743034,7.417106981683038,6.400825590655694,400.0,0.05111324856505831,0.0016286963256295784,0.11638465672065317,0.0,31.22,7.412,5.99,400.0,31.42,7.423,6.61,400.0,31.35,7.417,6.42,400.0,4.63382654082551e-05,-2.671962858310787e-07,-6.591954956453658e-05,0.0,0.15000000000000213,-0.0030000000000001137,-0.3199999999999994,0.0
614412,0.6897494205233362,0.0005150755479067515,31.440788007429028,7.414933404085966,6.274032899973467,400.0,0.0283318952641909,0.0016889396371934818,0.17902521196232038,0.0,31.36,7.41,5.7,400.0,31.49,7.42,7.07,400.0,31.44,7.415,6.31,400.0,1.9725318709477197e-05,1.8481344153798613e-07,0.00011889234481206734,0.0,0.05000000000000071,0.001000000000000334,0.27000000000000046,0.0
618181,0.6896921597305968,-5.7260792739377564e-05,31.504937649243836,7.416147519235872,6.5059140355531975,400.0,0.03948181589682376,0.0013970300717802617,0.10542462434930941,0.0,31.41,7.412,6.19,400.0,31.57,7.421,6.76,400.0,31.51,7.416,6.51,400.0,3.5905114940877524e-05,3.1514948487345185e-07,8.798283597518837e-06,0.0,0.120000000000001,0.0039999999999995595,0.1899999999999995,0.0
621952,0.6904944986691,0.0008023389385031221,31.562840095465393,7.416889949615488,6.140228056218509,400.0,0.01786541624193247,0.0019319544597623999,0.21734862647402775,0.0,31.5,7.41,5.67,400.0,31.6,7.424,8.75,400.0,31.56,7.417,6.17,400.0,2.9411360133739055e-06,1.2380578887591004e-07,4.609891519513139e-05,0.0,0.019999999999999574,0.0019999999999997797,-0.15000000000000036,0.0
625725,0.6915857635633336,0.0010912648942336123,31.610553935860057,7.417561357010337,6.586814206201961,400.0,0.02938365753854766,0.0019632794061313066,0.1596389639859911,0.0,31.54,7.412,5.98,400.0,31.66,7.425,6.95,400.0,31.61,7.418,6.62,400.0,2.6461180335243144e-05,3.4632440659536547e-07,0.00010345492924526658,0.0,0.05999999999999872,-0.0019999999999997797,0.29000000000000004,0.0
629495,0.690896224680344,-0.0006895388829896154,31.670458885941645,7.419527851458887,6.451620689655172,400.0,0.025233881459257573,0.0014974618657864237,0.254985522657099,0.0,31.6,7.415,5.78,400.0,31.71,7.424,6.89,400.0,31.68,7.42,6.47,400.0,2.220812074921029e-05,4.1359941306486376e-07,-0.0002090962198198201,0.0,0.05000000000000071,0.0039999999999995595,-0.5300000000000002,0.0
633264,0.6910110718268293,0.00011484714648535288,31.689143008755636,7.421701247015124,6.141703369594057,400.0,0.013040154365293122,0.0019290496419154134,0.1371470226798159,0.0,31.64,7.416,5.67,400.0,31.72,7.427,6.47,400.0,31.69,7.422,6.17,400.0,1.0893453491894553e-05,1.202270186548849e-06,8.553882784102648e-05,0.0,0.010000000000001563,0.0,0.20999999999999996,0.0
637033,0.6923916117397599,0.001380539912930634,31.7010055717697,7.425846908994428,6.074457415760148,400.0,0.014474966337639334,0.002015509561477099,0.11774386922796518,0.0,31.65,7.42,5.68,400.0,31.73,7.432,6.29,400.0,31.7,7.426,6.09,400.0,1.2535826240830338e-05,1.2763447450788992e-06,-1.878356752779673e-05,0.0,0.030000000000001137,0.008000000000000007,-0.13999999999999968,0.0
640802,0.6927374335087189,0.00034582176895892047,31.70531706022817,7.429312815070311,6.093656142212788,400.0,0.007348001754512977,0.0018383586091467665,0.1061673287220686,0.0,31.67,7.424,5.73,400.0,31.72,7.436,6.4,400.0,31.71,7.429,6.1,400.0,2.9846961992558606e-06,7.308815587444818e-07,1.8864723296393534e-05,0.0,-0.019999999999999574,-0.001000000000000334,0.29000000000000004,0.0
644571,0.693603194607251,0.0008657610985320918,31.679400371451315,7.433260811886441,6.465261342531175,400.0,0.00827545996630513,0.002357883168211009,0.14966218823917027,0.0,31.64,7.426,6.01,400.0,31.69,7.44,6.89,400.0,31.68,7.434,6.48,400.0,5.643009891984708e-06,1.4710943835111177e-06,0.00010153913061576392,0.0,-0.010000000000001563,0.004999999999999893,0.2400000000000002,0.0
644572,0.693603194607251,0.0,31.65,7.435,6.63,400.0,,,,,31.65,7.435,6.63,400.0,31.65,7.435,6.63,400.0,31.65,7.435,6.63,400.0,,,,,,,,
648338,0.6949340560955669,0.0013308614883159597,31.665390334572496,7.436574880509824,6.696670207116304,400.0,0.00976178700709937,0.0017786085923820005,0.10251530433115091,0.0,31.63,7.43,6.37,400.0,31.69,7.442,7.03,400.0,31.67,7.437,6.7,400.0,7.10718013412207e-06,2.573284710612187e-07,5.796316034348587e-05,0.0,0.0,0.0039999999999995595,0.1200000000000001,0.0
652110,0.6941234809040374,-0.0008105751915294945,31.658531283138924,7.439738335100743,6.804846235418876,400.0,0.009744322386503726,0.002763013697919458,0.08310790641929813,0.0,31.62,7.433,6.57,400.0,31.68,7.446,7.03,400.0,31.66,7.44,6.81,400.0,6.834436328919343e-06,1.9147877719916283e-06,3.849620132278437e-05,0.0,-0.010000000000001563,0.004000000000000448,0.019999999999999574,0.0
655879,0.6964434355763054,0.0023199546722679765,31.637564340673915,7.443033961262935,6.768745025205625,400.0,0.008217463786951207,0.0016002962967377337,0.0916314794015114,0.0,31.6,7.438,6.38,400.0,31.66,7.448,7.0,400.0,31.64,7.443,6.78,400.0,5.856784258937468e-06,4.353754052843029e-09,-5.218532655918937e-05,0.0,-0.019999999999999574,0.004999999999999893,-0.23000000000000043,0.0
